id,domain,status,purchase_price,renewal_price,attractiveness,demand,length,registrar,created_at,expires_at,status_verified_at
aa2dbf7a-b880-40b1-8013-81798540d897,indulging.car,available,1999.99,2199,high,low,9,namesilo,,,05/09/2026 00:26
635ef664-70cf-440b-9bc4-510b2fd1ef87,wimp.car,available,2070,2400,medium,low,4,namecheap,,,24/09/2026 19:54
1cf4efc8-fd00-4221-819d-ee6ec4541e37,heidi.car,available,1863.2,2064.2,high,low,5,spaceship,,,28/09/2026 16:18
42508920-0b6b-4bf9-aee3-b25107913629,roiled.car,available,1999.99,2199,medium,low,6,namesilo,,,
7bed0c41-7876-4d6f-b983-0baf92efc8b7,forgetful.car,available,1999.99,2199,medium,low,9,namesilo,,,18/08/2026 11:56
db18e1eb-04d1-48ca-8b78-01ad5cb5fe79,saigon.car,available,1999.99,2199,medium,low,6,namesilo,,,28/09/2026 10:04
d7768909-9ce8-4d66-894f-e11a44f04de3,publishers.car,available,1999.99,2199,medium,low,10,namesilo,,,20/09/2026 01:32
2b07f5c2-f92e-4bf6-b43e-6fbd96d903cf,exploration.car,available,2070,2400,high,low,11,namecheap,,,28/09/2026 02:39
fb907871-f74c-4f15-babd-880deac1f9fb,emil.car,available,1999.99,2199,high,low,4,namesilo,,,25/09/2026 15:33
51fe0e24-463f-4290-ad8d-d91b90c7d5ce,suny.car,available,1999.99,2199,medium,low,4,namesilo,,,28/09/2026 16:53
c31f49f0-45c4-43a8-8679-7e6032ff4545,tasteless.car,available,1999.99,2199,medium,low,9,namesilo,,,11/09/2026 09:02
b1e120a3-4a10-4ef4-90bf-273b5de75bc9,frothing.car,available,1999.99,2199,medium,low,8,namesilo,,,18/08/2026 09:42
a7fa3784-ab15-47ee-b439-c6f39c2a3cb3,damning.car,available,2999.99,3799.99,medium,low,7,name.com,,,13/08/2026 16:33
84063fa1-713d-4145-ba4f-b1a9dfaaf186,transporter.car,available,1999.99,2199,high,low,11,namesilo,,,30/09/2026 11:44
be68872e-4e8a-40dc-8c37-b2d91457568f,clears.car,available,1863.2,2064.2,high,low,6,spaceship,,,29/09/2026 17:52
4cd9501b-89fc-43b7-a563-0038453c2419,homegrown.car,available,1999.99,2199,high,low,9,namesilo,,,21/08/2026 10:59
588361ac-b362-4db5-a222-37eea37a045f,topmost.car,available,1999.99,2199,medium,low,7,namesilo,,,11/09/2026 17:46
1554ccf0-454c-4f6d-8371-dd3c78ff27a1,equine.car,available,1999.99,2199,high,low,6,namesilo,,,17/08/2026 11:45
4c4e91f2-d3af-4dfb-a99d-6d165a3ed8e9,correction.car,available,1863.2,2064.2,high,low,10,spaceship,,,28/09/2026 09:23
dba38f85-dbff-423e-948a-5dd295252edb,gabriel.car,available,1999.99,2199,high,medium,7,namesilo,,,28/09/2026 05:49
0e16f5f9-e9b8-49c3-936c-1e33503fdf3c,kirchner.car,available,1999.99,2199,medium,low,8,namesilo,,,30/09/2026 09:34
ec2fa46d-d01d-40df-9f40-595b44ca3e13,sweat.car,available,2140.22,2140.22,high,low,5,dynadot,,,29/09/2026 17:49
6e7b0eb4-1bc4-4a1f-b701-e88968225ec4,bamberg.car,available,1999.99,2199,medium,low,7,namesilo,,,30/09/2026 13:25
8b7f153d-c68a-4398-9742-f3e2ed7c62e9,resisted.car,available,2140.22,2140.22,medium,low,8,dynadot,,,29/09/2026 16:36
5be45878-0e8c-4269-b97e-b3b4f0492dba,termination.car,available,1999.99,2199,high,low,11,namesilo,,,04/09/2026 07:49
a841c0ce-145d-4284-9e7b-59f5b4d3fe30,watch.car,available,1863.2,2064.2,high,medium,5,spaceship,,,30/09/2026 03:19
50a87c80-e4b5-4f19-883d-ee3e9890fd69,emmet.car,available,1999.99,2199,medium,low,5,namesilo,,,19/09/2026 12:15
843011a7-85a2-4554-86ef-298bbaee5a08,ranking.car,available,1999.99,2199,high,low,7,namesilo,,,27/09/2026 09:40
38ab10df-bb35-4627-a84c-948fe0496fb4,sides.car,available,1999.99,2199,medium,low,5,namesilo,,,17/09/2026 23:26
7d76de4a-ec01-482e-ab86-6c71b3de6d2a,beverley.car,available,1863.2,2064.2,medium,low,8,spaceship,,,29/09/2026 00:09
ef4c708b-24ee-4c08-af78-609a7d2e3d65,raiseable.car,available,1999.99,2199,high,medium,9,namesilo,,,09/09/2026 09:52
b9813d93-a44a-4f63-a33c-34ab4ccc3817,guffaw.car,available,1999.99,2199,high,low,6,namesilo,,,23/09/2026 06:41
d026cd6d-0cc1-4eb7-a8be-099327cbb321,greyhound.car,available,2060.25,2060.25,high,low,9,porkbun,,,30/09/2026 01:48
4dc337af-f23f-442a-97ea-fa8963aa9c83,shampoo.car,available,1863.2,2064.2,high,low,7,spaceship,,,30/09/2026 02:51
e8a26f76-4630-45b5-b93c-7dea067e346f,pours.car,available,2070,2400,medium,low,5,namecheap,,,18/09/2026 07:35
5b6bd66c-aa23-4832-88db-a056ea29ac4b,hampton.car,available,1999.99,2199,high,low,7,namesilo,,,25/09/2026 06:48
baba1fd8-17fa-4bd2-bfda-485ceb866c4b,toying.car,available,1999.99,2199,high,low,6,namesilo,,,29/09/2026 11:35
3f37aa84-b191-4d02-a3d7-fe62403112dd,rufus.car,available,1999.99,2199,medium,low,5,namesilo,,,28/09/2026 16:19
1bcf2dbf-d160-44e6-943c-11f8630e4efa,carrillo.car,available,1863.2,2064.2,high,low,8,spaceship,,,30/09/2026 05:28
ca11e13f-4817-4cca-8c19-e056d7c49bee,squarish.car,available,1999.99,2199,medium,low,8,namesilo,,,10/09/2026 17:29
1731e157-618f-4d2c-b267-023dd8cd1d70,sampling.car,available,1863.2,2064.2,high,low,8,spaceship,,,30/09/2026 02:46
1b52c72d-a452-43f8-ac9d-aa9f5321e0f5,doolittle.car,available,1999.99,2199,medium,low,9,namesilo,,,29/09/2026 00:40
43822956-9f1d-4735-997c-b56e364f6469,sealing.car,available,1863.2,2064.2,high,low,7,spaceship,,,30/09/2026 18:36
93af9549-6710-4287-92e9-41d0b05a101f,disconnected.car,available,2070,2400,medium,low,12,namecheap,,,28/09/2026 21:24
14bce98f-f8ab-4808-81f4-38142b2a92e7,aired.car,available,1999.99,2199,high,low,5,namesilo,,,
3431f414-2b73-41e5-9315-46b5ef1b9a94,sunbaked.car,available,1999.99,2199,medium,low,8,namesilo,,,
38f4e6b6-9354-4459-b20a-0ede02ebe48a,explicitly.car,available,1999.99,2199,medium,low,10,namesilo,,,14/09/2026 17:07
8285e153-7532-475f-bfcb-959bc0bd1cd8,waxed.car,available,1999.99,2199,high,low,5,namesilo,,,13/09/2026 08:40
893e7ca6-0a6c-4607-951d-40ec8f5ecb59,surrounding.car,available,1999.99,2199,high,low,11,namesilo,,,
2fc1b3a6-ff85-4dc4-94f9-bc966e10fd00,andhra.car,available,2140.22,2140.22,medium,low,6,dynadot,,,29/09/2026 04:23
2c7cc87a-b61e-4503-b654-93707deba145,clonal.car,available,1999.99,2199,medium,low,6,namesilo,,,12/08/2026 12:01
cf494b93-e005-40c5-86b5-012e2077f4ed,attract.car,available,1999.99,2199,high,low,7,namesilo,,,30/09/2026 15:30
9494f135-a6c1-4bfb-834f-2e1076004325,promises.car,available,1999.99,2199,medium,low,8,namesilo,,,27/09/2026 03:01
354d1aa3-f56d-4bc4-ad38-4f83d1ba6852,trucks.car,available,1999.99,2199,high,low,6,namesilo,,,29/09/2026 08:57
ec77c03b-1c5b-497c-9f3a-65c310b4246c,scares.car,available,1999.99,2199,low,low,6,namesilo,,,30/09/2026 07:09
12acaedb-52f7-4e4b-b140-a1b7dcc3fb21,insular.car,available,1999.99,2199,medium,low,7,namesilo,,,22/08/2026 07:38
1adcf82e-ce13-486b-9bf8-84b6874c7aa0,dewy.car,available,1999.99,2199,medium,low,4,namesilo,,,09/08/2026 06:51
8be70eb2-486a-40ab-b7fb-d353f8ffff77,antonia.car,available,2070,2400,medium,low,7,namecheap,,,28/09/2026 16:29
91bdb130-c8fa-4a68-a260-2dacd1e3a7ed,specialty.car,available,1999.99,2199,high,low,9,namesilo,,,18/08/2026 12:30
27ce123c-2b81-40e4-8ce4-cacba9913f6d,renee.car,available,1863.2,2064.2,medium,low,5,spaceship,,,28/09/2026 21:55
46d8bd72-f338-47f9-84d3-2588a078d8e2,aside.car,available,1999.99,2199,high,low,5,namesilo,,,28/09/2026 12:23
e548c373-1344-4056-b639-273a1c9bfe52,brumal.car,available,1999.99,2199,medium,low,6,namesilo,,,11/08/2026 06:36
2c46049d-c441-4cb3-bec2-c613f9ea2ea0,basis.car,available,1863.2,2064.2,high,low,5,spaceship,,,29/09/2026 01:24
4cf2f9fc-b7ab-40b1-a83a-b7bea71ec894,outta.car,available,1863.2,2064.2,medium,low,5,spaceship,,,29/09/2026 20:53
d8388658-aae8-4005-a446-48e1a52e1652,polysemous.car,available,1999.99,2199,medium,low,10,namesilo,,,08/09/2026 23:31
b4680ac4-986c-4f8f-ad25-1b037f0b1a8a,reversion.car,available,1999.99,2199,high,low,9,namesilo,,,09/09/2026 16:19
c45e452e-e088-4a49-8eaa-891b9e37179e,peafowl.car,available,2070,2400,high,low,7,namecheap,,,23/09/2026 20:05
e0f30e40-a43d-47a5-81e7-1ff769aec3ad,otis.car,available,1999.99,2199,high,low,4,namesilo,,,25/09/2026 05:28
4cbb603d-396c-4e03-9d6f-990a4219df60,becoming.car,available,1999.99,2199,high,low,8,namesilo,,,09/08/2026 06:08
1341acb7-9f2a-4d00-837a-b9a2469f2ded,membrane.car,available,2060.25,2060.25,high,low,8,porkbun,,,29/09/2026 07:36
0ac6b938-bad0-4313-bae6-6f44fc16e091,traveling.car,available,2140.22,2140.22,high,low,9,dynadot,,,30/09/2026 13:48
7aa369ea-b733-4f0a-ab10-e5a918d746fb,cuboid.car,available,1999.99,2199,medium,low,6,namesilo,,,13/08/2026 09:58
cdf4ead3-3b40-4e0e-b457-1e2a383e427d,proceedings.car,available,1999.99,2199,medium,low,11,namesilo,,,28/09/2026 12:34
e673e5bc-1c5c-4ea8-80b3-0d11a0dc683d,suspend.car,available,2070,2400,high,low,7,namecheap,,,30/09/2026 18:25
a7540eee-cdd3-445b-938c-868d98c6b3af,repression.car,available,1863.2,2064.2,medium,low,10,spaceship,,,01/10/2026 03:28
b032556b-a4a2-4dcb-9ea7-ef73fe2ad660,braille.car,available,1999.99,2199,high,low,7,namesilo,,,24/09/2026 08:01
603a8920-550a-40ce-a75b-37d2b087a2b8,favorites.car,available,2140.22,2140.22,medium,low,9,dynadot,,,28/09/2026 18:13
3ed03b7c-8362-4562-8d68-ee2ebb39845c,battledore.car,available,1999.99,2199,medium,low,10,namesilo,,,21/09/2026 17:16
4e1996fb-147a-46cb-9883-934235642ee6,barouche.car,available,2070,2400,high,low,8,namecheap,,,22/09/2026 07:43
b0aefa74-aa81-485f-850f-f9490ce83f12,impostor.car,available,1999.99,2199,medium,low,8,namesilo,,,09/09/2026 04:59
c5c992f0-a366-4a49-9cff-451080e29069,readiness.car,available,1999.99,2199,high,low,9,namesilo,,,29/09/2026 01:53
e0237af1-d654-4dd9-8413-17a1ec2b2acf,sphincter.car,available,1999.99,2199,medium,low,9,namesilo,,,19/09/2026 03:31
89cc05a1-2093-43e9-8c8a-e43bf952c901,mutagenic.car,available,1999.99,2199,medium,low,9,namesilo,,,03/09/2026 11:37
fbed029b-468b-47a8-9c41-9a144197c3e5,siren.car,available,2060.25,2060.25,high,low,5,porkbun,,,29/09/2026 06:45
8e3335ac-bcf9-4ef3-a720-a47764dcf43d,orinoco.car,available,2070,2400,high,low,7,namecheap,,,30/09/2026 18:15
0a412695-4557-43b6-8406-a727ed25ceeb,juliana.car,available,1863.2,2064.2,medium,low,7,spaceship,,,29/09/2026 09:40
4aacfc56-7c78-4115-8074-aadd73f14e0b,fourteen.car,available,2070,2400,high,low,8,namecheap,,,21/09/2026 11:38
dc905acc-b642-4ef3-b28c-ff2b66546923,wolf.car,available,1999.99,2199,high,medium,4,namesilo,,,11/08/2026 07:08
e4eff196-db07-467b-bfbf-07c8268cc74d,wiring.car,available,1999.99,2199,high,low,6,namesilo,,,30/09/2026 14:45
f00ee265-8e9e-4160-8a25-2eef922187b3,deposits.car,available,1999.99,2199,medium,low,8,namesilo,,,
0a1ac33e-8e82-494e-ba56-8f8ebf47ec26,fusty.car,available,1999.99,2199,low,low,5,namesilo,,,18/08/2026 16:42
7a4207c3-683e-4363-b2fc-315297274801,rapidly.car,available,2070,2400,high,low,7,namecheap,,,13/09/2026 20:17
df0ad8ac-e140-4844-a05a-c6496579c9e7,woolley.car,available,1863.2,2064.2,medium,low,7,spaceship,,,29/09/2026 20:22
5de38458-228a-449c-8224-7a9194a5ef3f,propensity.car,available,1999.99,2199,high,low,10,namesilo,,,22/08/2026 22:09
b257d9ba-5c3a-4365-becb-614c016f7c1e,futuristic.car,available,2070,2400,high,low,10,namecheap,,,18/08/2026 19:17
0117a269-fba1-4c5f-b1a4-7a4d450fe4e5,acervate.car,available,1999.99,2199,medium,low,8,namesilo,,,
7012f603-ffef-4b13-8734-377fae227030,acute.car,available,1999.99,2199,high,low,5,namesilo,,,21/09/2026 16:39
6cd24099-f29e-421a-b60d-edc0058d3b61,chicken.car,available,1999.99,2199,high,low,7,namesilo,,,23/09/2026 14:11
035301cb-0678-4e48-ae78-7426f042619a,hangbird.car,available,1999.99,2199,medium,low,8,namesilo,,,22/09/2026 00:20
2986706b-76ec-4e8f-9c8d-74d0521972fa,tenor.car,available,1999.99,2199,high,low,5,namesilo,,,11/09/2026 11:24
1d9ab592-8e6c-4d30-93aa-8585a5bb6f54,buying.car,available,2140.22,2140.22,high,low,6,dynadot,,,29/09/2026 05:41
15e62bb1-fe92-46eb-827e-3b76dcb8308e,availability.car,available,1863.2,2064.2,high,low,12,spaceship,,,30/09/2026 05:58
17d7f915-7c75-402c-b2a3-582c498276c5,toothless.car,available,1999.99,2199,medium,low,9,namesilo,,,11/09/2026 17:15
3cda4bb6-6e95-4923-a1ce-2844147bca70,investment.car,available,1999.99,2199,high,low,10,namesilo,,,30/09/2026 16:09
b3ab5706-d584-4be4-9394-13fc1a40b2af,woodbridge.car,available,1863.2,2064.2,medium,low,10,spaceship,,,28/09/2026 16:49
d14a2ba8-7302-4af6-8276-a0104cf3d5ae,leslie.car,available,2070,2400,medium,low,6,namecheap,,,25/09/2026 14:15
e2f80bbe-6d92-4755-911a-73fbe13baa2d,flipped.car,available,1999.99,2199,medium,low,7,namesilo,,,18/09/2026 12:06
ec2df8b7-cf59-44ca-86e9-00a50c2909a2,bavarian.car,available,1999.99,2199,medium,low,8,namesilo,,,09/08/2026 02:00
71b12d21-e0fd-4697-9655-37f530e44fb4,rouge.car,available,1999.99,2199,high,medium,5,namesilo,,,29/09/2026 07:59
ca652e2f-273a-441a-8a12-7f8723952d1d,raftered.car,available,1999.99,2199,high,medium,8,namesilo,,,09/09/2026 09:42
c9a1f1d7-9106-4d6e-8948-d042bfa9f65e,biplane.car,available,2999.99,3799.99,high,low,7,name.com,,,23/09/2026 19:18
e597908c-f107-43cf-90d0-09d63e321c90,indirect.car,available,1999.99,2199,high,low,8,namesilo,,,12/08/2026 16:43
f7cdb6c2-6c1d-409c-bc4f-c6bcb7ede603,freeing.car,available,2060.25,2060.25,high,low,7,porkbun,,,30/09/2026 17:23
3a209982-e132-429a-9165-47f74a3082c3,locke.car,available,1999.99,2199,high,low,5,namesilo,,,25/09/2026 08:02
b07748eb-ef74-45a0-9d48-d976a0047af7,joyless.car,available,1999.99,2199,medium,low,7,namesilo,,,22/08/2026 14:04
5a203e6d-8cec-4c26-8885-f1e0d9167709,seagull.car,available,1999.99,2199,high,low,7,namesilo,,,30/09/2026 10:42
276ff609-7b25-4516-947a-9f241f862ec5,resources.car,available,1999.99,2199,high,low,9,namesilo,,,
6fbdec05-cf96-4625-809d-b326b2d0f1df,grove.car,available,1863.2,2064.2,high,low,5,spaceship,,,28/09/2026 09:58
ac54e322-50c7-4ca6-97ca-b2b60cd2b8c0,attendance.car,available,1999.99,2199,high,low,10,namesilo,,,21/09/2026 01:23
4a88f1be-a1c0-4997-afca-d3d55458e357,schleswig.car,available,1863.2,2064.2,medium,low,9,spaceship,,,30/09/2026 05:21
3af25cd7-837a-4097-b413-7fcdfb68d713,tack.car,available,1999.99,2199,high,low,4,namesilo,,,30/09/2026 09:41
fa74ea0c-5c29-4b47-a72a-b3d1d22bbb06,ferguson.car,available,2070,2400,high,low,8,namecheap,,,25/09/2026 17:55
3f9e6125-8516-4eca-9320-1a41340a5ab0,soy.car,available,1999.99,2199,high,low,3,namesilo,,,29/09/2026 12:51
ae26c759-fdbd-4f36-b125-86cfd087e9de,dealt.car,available,1999.99,2199,medium,low,5,namesilo,,,28/09/2026 08:17
712ba2a6-e62e-4be1-a8bc-f3910aa3cde3,import.car,available,2070,2400,high,low,6,namecheap,,,25/09/2026 18:33
872dbe1d-5bd2-4f24-a6a6-3b3c0183a5ab,typewriter.car,available,1999.99,2199,high,low,10,namesilo,,,29/09/2026 02:27
e306f64f-efbc-499b-b803-8615b3420ad7,crossover.car,available,2060.25,2060.25,high,low,9,porkbun,,,30/09/2026 09:18
98d5d46b-8db6-418c-b6e2-73f1c28ae42b,silvia.car,available,1863.2,2064.2,medium,low,6,spaceship,,,29/09/2026 12:28
a6223207-cbb5-4404-92bc-4fb2e14b2395,pets.car,available,1999.99,2199,low,low,4,namesilo,,,28/09/2026 08:51
2274f7b2-3e10-4fb9-8370-0f7d25335edc,kahn.car,available,1999.99,2199,high,low,4,namesilo,,,25/09/2026 23:22
8b5b7dde-2e8a-4646-a84e-d5eaac77be1b,emboss.car,available,1999.99,2199,high,low,6,namesilo,,,10/08/2026 20:42
67bafd62-bec6-4f74-9640-d49d1c1f8e57,surface.car,available,1999.99,2199,high,medium,7,namesilo,,,19/09/2026 13:21
0fcad21b-dabd-4fb9-bea2-199b6068d386,attendee.car,available,1999.99,2199,high,low,8,namesilo,,,21/09/2026 01:26
e9a0ae93-b6ca-4962-867e-0a616fbffc1c,perugia.car,available,2070,2400,medium,low,7,namecheap,,,29/09/2026 21:46
be9e11ba-305c-4a25-95f4-153f26ac7d3f,superable.car,available,1999.99,2199,medium,low,9,namesilo,,,11/09/2026 02:14
35c487fa-f922-40c8-9150-1ce4d752466d,polyphonic.car,available,1999.99,2199,medium,low,10,namesilo,,,08/09/2026 23:27
bda9a6f7-eae3-41c9-b132-fa3a5b335f21,arnhem.car,available,2070,2400,medium,low,6,namecheap,,,20/09/2026 08:09
ff28e64e-84b0-4f2b-947b-a226af8c2e9e,remind.car,available,2999.99,3799.99,high,low,6,name.com,,,24/09/2026 20:14
adea70f2-dc00-4637-8ba3-a4f84bd68d8a,tie.car,available,1863.2,2064.2,high,low,3,spaceship,,,28/09/2026 19:19
87865281-f026-4bc0-96b3-b6470c302b75,seville.car,available,2060.25,2060.25,medium,low,7,porkbun,,,30/09/2026 18:37
ab9456bb-f448-4598-82e7-cb941b1ccc5a,amer.car,available,1863.2,2064.2,medium,low,4,spaceship,,,28/09/2026 17:41
8b58eb80-7af0-454f-9120-4889e6b1cb99,agrostemma.car,available,2070,2400,medium,low,10,namecheap,,,17/09/2026 19:51
aba49160-f975-4e36-b0ba-9b1cfcdbe08e,ethel.car,available,1999.99,2199,high,low,5,namesilo,,,28/09/2026 07:21
77c0266f-a753-4262-8054-eb5ed9f15d5b,imperial.car,available,1999.99,2199,high,low,8,namesilo,,,21/08/2026 22:11
580bca09-e25f-49fd-9b7d-fc968d8829b1,evolving.car,available,1999.99,2199,medium,low,8,namesilo,,,30/09/2026 06:16
6310d72a-aabc-4eb6-8e0c-213ba51b49db,quadruple.car,available,1999.99,2199,high,low,9,namesilo,,,18/08/2026 13:24
5b82eee8-1c63-4293-9b84-2bb525b22456,folk.car,available,1999.99,2199,high,low,4,namesilo,,,24/09/2026 16:32
2be44a63-d3aa-4fab-b244-b224f18c34b6,louisa.car,available,1999.99,2199,medium,low,6,namesilo,,,25/09/2026 14:44
5b574af1-0e4d-4271-ad6c-68d3ffbdff61,sporting.car,available,2070,2400,high,low,8,namecheap,,,09/08/2026 18:15
2460297c-0f93-4342-8971-95646c7cc3e3,elevate.car,available,1863.2,2064.2,high,medium,7,spaceship,,,30/09/2026 10:25
ab511502-5b22-4221-a2fa-d6aa77b6e1ae,prima.car,available,1999.99,2199,high,low,5,namesilo,,,09/09/2026 02:00
85f38c1e-3d35-4930-8a45-f398bafc5b83,aec.car,available,1999.99,2199,high,low,3,namesilo,,,17/09/2026 12:04
b9f750c8-9cc6-4578-bf41-d6224c9abeeb,constructed.car,available,1999.99,2199,medium,low,11,namesilo,,,29/09/2026 16:21
ef43bc83-d51e-4466-becd-861ac7bb2c10,betrayal.car,available,2070,2400,medium,low,8,namecheap,,,23/09/2026 11:24
caebc22f-1503-43ea-955a-e04ce40f6a16,improbable.car,available,1999.99,2199,medium,low,10,namesilo,,,21/08/2026 23:07
5d31590b-60f2-43e9-905c-39de114de6da,crack.car,available,1999.99,2199,high,low,5,namesilo,,,
5936bf1d-8bce-41a1-9a73-71b8fa73ab15,baneberry.car,available,1999.99,2199,medium,low,9,namesilo,,,22/09/2026 01:43
2d426b32-e50a-4c75-8915-bd4c224da4c4,nada.car,available,1999.99,2199,high,low,4,namesilo,,,03/09/2026 22:31
07519410-dca4-45e7-b9c7-d1c956a56cdd,seafaring.car,available,1999.99,2199,high,low,9,namesilo,,,04/09/2026 00:22
90c81cf9-f48e-4a69-98c9-c6eba945184e,mutiny.car,available,1999.99,2199,high,low,6,namesilo,,,29/09/2026 13:30
f31dde74-0a5b-4de3-883f-bcfe730f0db7,sweetish.car,available,1999.99,2199,medium,low,8,namesilo,,,11/09/2026 05:36
4531d65f-03ec-4260-b502-b47c22514e6d,penguins.car,available,2070,2400,high,low,8,namecheap,,,01/10/2026 00:56
f4f2845f-70d7-4df0-8515-9a7b442ad5d6,cleaners.car,available,2070,2400,high,low,8,namecheap,,,24/09/2026 15:26
2942f9b1-3b46-4f79-9ca4-3ae226b8f7cd,regorge.car,available,1999.99,2199,high,medium,7,namesilo,,,10/09/2026 07:36
c95841e9-de39-4b2c-8f94-644f371ef9cf,colorectal.car,available,2070,2400,medium,low,10,namecheap,,,12/08/2026 17:46
d809cbf8-2024-457b-8586-38646eba1802,sixtieth.car,available,1999.99,2199,medium,low,8,namesilo,,,
4fefbf92-5867-4cf2-91b1-fc4c9ea903ff,qatari.car,available,1999.99,2199,high,low,6,namesilo,,,22/08/2026 15:09
cbb588fe-b769-4251-b767-9105e99f7858,contingency.car,available,1999.99,2199,high,low,11,namesilo,,,29/09/2026 22:54
86716221-e51b-4fe9-ac29-60e17fde5563,visitors.car,available,2070,2400,high,low,8,namecheap,,,18/09/2026 16:57
3e7dafec-abf4-4ba2-860f-e1dbee2355f4,lookout.car,available,1999.99,2199,high,low,7,namesilo,,,30/09/2026 22:47
339c36a7-3006-4d21-9f28-003e0daf3007,norris.car,available,1999.99,2199,high,low,6,namesilo,,,23/09/2026 08:18
f35851cb-bc56-4bb9-b770-f74df6a33671,slammed.car,available,1863.2,2064.2,medium,low,7,spaceship,,,30/09/2026 03:50
a6f41eff-5e58-4baf-8b87-8f3fada328e4,enchanting.car,available,2070,2400,medium,low,10,namecheap,,,09/08/2026 18:21
6e532523-2633-4266-aa27-426bb4bda2cf,stressful.car,available,1999.99,2199,medium,low,9,namesilo,,,03/09/2026 15:42
7f55f88b-0513-4abc-8fb9-9a120016d8fc,rockland.car,available,1863.2,2064.2,high,low,8,spaceship,,,28/09/2026 11:44
974adee7-06e9-4374-828f-a929f2366fca,australasian.car,available,1999.99,2199,medium,low,12,namesilo,,,29/09/2026 03:04
30f6247c-fb74-481b-8ba0-eb60796dc283,pressure.car,available,2070,2400,high,low,8,namecheap,,,24/09/2026 23:12
5d70f7c0-f900-4c09-a26d-395548bf41c3,loath.car,available,1999.99,2199,medium,low,5,namesilo,,,24/08/2026 08:17
6a1b17e5-4ca3-423b-9499-af6db8f2f24c,acacia.car,available,2070,2400,high,low,6,namecheap,,,16/09/2026 19:59
f48e27d9-4c66-447d-895a-ca043482d749,likes.car,available,1999.99,2199,medium,low,5,namesilo,,,
6d69c4a0-0e96-4bae-b0d1-cd60bdd2a615,thermoset.car,available,1999.99,2199,medium,low,9,namesilo,,,11/09/2026 12:58
84c76ff7-3a88-4c9c-ab70-efc740ae8cfc,crafty.car,available,1999.99,2199,high,low,6,namesilo,,,24/09/2026 01:24
9efda8f4-bb46-4391-bfe0-542beb012c78,blinking.car,available,2070,2400,high,low,8,namecheap,,,22/09/2026 21:58
c60a7156-c87f-4e15-91c0-861682c5ff27,wireless.car,available,1999.99,2199,high,low,8,namesilo,,,27/09/2026 09:37
ea1460c6-3271-48a5-823c-be4ff8089de1,duet.car,available,1863.2,2064.2,high,low,4,spaceship,,,29/09/2026 18:31
67752387-4944-4313-aa21-1539be04c4ea,england.car,available,1863.2,2064.2,high,low,7,spaceship,,,29/09/2026 18:14
2f138df5-f597-4620-9648-e2803d31fbe6,amusive.car,available,2070,2400,medium,low,7,namecheap,,,
e04dd67b-99d7-42c8-8581-5de0e5489882,arp.car,available,1999.99,2199,high,low,3,namesilo,,,20/09/2026 08:35
b3dc5cfb-4037-4f16-a208-d482337e6095,cumberland.car,available,1999.99,2199,high,high,10,namesilo,,,30/09/2026 16:31
803e7b52-187b-40a9-ae32-57ed4630d93d,outfitted.car,available,2070,2400,high,low,9,namecheap,,,04/09/2026 19:24
d33937c3-cff1-4924-8a85-5db1d4b3917a,praiseful.car,available,2070,2400,medium,low,9,namecheap,,,22/08/2026 20:51
98e2e5d5-6601-434e-b461-ca5e37bbcc0d,paragraph.car,available,1863.2,2064.2,high,low,9,spaceship,,,28/09/2026 15:02
fa13034d-5832-446e-a93c-d5b3b166df9e,interval.car,available,1999.99,2199,high,low,8,namesilo,,,29/09/2026 13:09
c1b8ed86-a843-4d92-a2d8-e7cf3bf377db,anatomist.car,available,1999.99,2199,medium,low,9,namesilo,,,19/09/2026 03:32
6667e904-debe-4e92-aca3-7944a30e8d65,soften.car,available,1863.2,2064.2,high,low,6,spaceship,,,30/09/2026 09:18
06109e44-b90c-4cce-ab94-40cce8505aa7,braintree.car,available,1999.99,2199,high,medium,9,namesilo,,,30/09/2026 05:04
c3c91047-3bed-4eba-8470-57199cb80120,prudential.car,available,1999.99,2199,high,medium,10,namesilo,,,09/09/2026 04:48
3d5b2710-bc4f-409f-ba6e-37c098b0ec33,snicker.car,available,1999.99,2199,medium,low,7,namesilo,,,30/09/2026 11:19
a6dd3e4c-e63a-48a3-a9bd-3bb9099918dc,milking.car,available,1863.2,2064.2,high,low,7,spaceship,,,30/09/2026 23:01
00597ef3-a4f1-4996-a7aa-a459b9bc25a6,moonless.car,available,1999.99,2199,medium,low,8,namesilo,,,25/08/2026 05:54
a15ca7a5-b588-40cc-a3f7-13b5955a739b,hardest.car,available,1863.2,2064.2,medium,low,7,spaceship,,,28/09/2026 12:52
19a4bd7b-cc75-4d14-bc96-2c2c020318c5,muriel.car,available,1999.99,2199,medium,low,6,namesilo,,,28/09/2026 12:06
827ae0f1-f0e1-4244-8dcb-6f007e6cb145,typhoon.car,available,2060.25,2060.25,high,low,7,porkbun,,,29/09/2026 14:05
1293cb94-539c-4ad5-a498-cb7148505bda,units.car,available,2070,2400,high,low,5,namecheap,,,17/09/2026 16:07
2c6fa233-a711-4c9d-a7a2-fa2c3efd5aad,exhusband.car,available,1999.99,2199,medium,low,10,namesilo,,,17/08/2026 15:21
ff6d2e9f-c5a3-4ce8-b960-57626e22eb7c,omphalos.car,available,1999.99,2199,medium,low,8,namesilo,,,23/09/2026 06:37
542863f1-7a2b-4b97-9377-4ea089b211ed,thereafter.car,available,1999.99,2199,high,low,10,namesilo,,,16/09/2026 08:38
9c23e4f9-5144-46e4-9141-80ac31c9b45c,kike.car,available,1999.99,2199,high,medium,4,namesilo,,,10/09/2026 06:15
0fe35a5f-6d56-4922-940b-914148502394,sulphuric.car,available,1999.99,2199,medium,low,9,namesilo,,,11/09/2026 01:27
3a1c57d4-07eb-44a6-9915-c35f76747cc4,toad.car,available,2070,2400,high,low,4,namecheap,,,05/08/2026 21:06
2e14344e-a658-4ae8-8a8a-b73c920e1cf6,zoe.car,available,2070,2400,high,low,3,namecheap,,,27/09/2026 18:59
276a4e3f-a887-45b6-978f-594ccc87c653,pane.car,available,1999.99,2199,high,low,4,namesilo,,,21/09/2026 14:30
5509c3cd-fe2e-422d-b0c1-7150c592e42f,bosses.car,available,1999.99,2199,medium,low,6,namesilo,,,18/09/2026 05:55
2c620bff-6a1c-4232-babb-7076deb3c5df,rhys.car,available,1863.2,2064.2,medium,low,4,spaceship,,,28/09/2026 18:25
7c2f6774-daf4-4a45-be8c-1b07282e9461,intermodal.car,available,1863.2,2064.2,high,low,10,spaceship,,,29/09/2026 16:19
8b7c8f36-74ae-4f5c-97ae-f42a09f354a3,tehran.car,available,2999.99,3799.99,high,low,6,name.com,,,25/09/2026 22:03
0cb4f191-1bf0-4ddf-af83-44dac2376b69,aristocrats.car,available,1863.2,2064.2,medium,low,11,spaceship,,,30/09/2026 15:48
191a1777-c03b-45a8-9d45-34b673c928d7,causally.car,available,1999.99,2199,medium,low,8,namesilo,,,14/09/2026 06:01
61505524-2a07-43b1-b2e8-3ef9fd0087a4,dahna.car,available,1999.99,2199,medium,low,5,namesilo,,,19/09/2026 23:21
f9da488a-55a3-4e15-a667-ba1fb9f3e96f,nine.car,available,1999.99,2199,high,low,4,namesilo,,,21/09/2026 13:23
b55753eb-b331-40eb-8e11-fbc88eed9e9e,tomato.car,available,1863.2,2064.2,high,low,6,spaceship,,,30/09/2026 03:31
d804a844-12f7-415d-83a7-f9170c81c479,accelerate.car,available,2060.25,2060.25,high,low,10,porkbun,,,29/09/2026 02:40
ce1da092-5b9c-458e-944f-def60106ce40,clubhouse.car,available,1863.2,2064.2,high,low,9,spaceship,,,29/09/2026 18:23
0f08ab58-5b05-42ab-81b0-840986cd2375,bellying.car,available,1999.99,2199,low,low,8,namesilo,,,09/08/2026 13:37
90652e31-f457-4c67-8852-2d3b0b1d3990,smoky.car,available,1999.99,2199,medium,low,5,namesilo,,,10/09/2026 11:59
b90c9bf2-6cc0-4a3d-b50b-dc1704c54341,rightful.car,available,1999.99,2199,high,low,8,namesilo,,,29/09/2026 16:05
2294327f-935c-420d-a447-bb05cbb61ecd,henri.car,available,1999.99,2199,high,low,5,namesilo,,,18/09/2026 10:47
1dc1b5ad-cfc5-447c-a559-453cfb4c178a,perceptive.car,available,1999.99,2199,high,low,10,namesilo,,,08/09/2026 16:12
cfca1058-5f06-4794-9b3a-82ee8dbb7657,sobering.car,available,1999.99,2199,high,medium,8,namesilo,,,10/09/2026 13:02
0ff8acc5-b553-48dc-8b3e-6ef922e2a424,aramean.car,available,1999.99,2199,medium,low,7,namesilo,,,06/08/2026 12:02
4a0764a7-1015-4696-9127-26b813d7a0ce,olsen.car,available,1999.99,2199,high,low,5,namesilo,,,25/09/2026 12:35
532236fd-bb8b-47cf-bf7d-d44efdb6c17e,whom.car,available,1999.99,2199,medium,low,4,namesilo,,,
16dcaba6-c2d2-4913-b7f0-30830ecf78f4,fishing.car,available,2070,2400,high,low,7,namecheap,,,27/09/2026 03:59
58f966d4-f93c-4256-b1ab-f2c7833389b5,purblind.car,available,1999.99,2199,medium,low,8,namesilo,,,14/08/2026 07:58
dad2938b-9397-4b9d-89a2-8d738466f34a,macpherson.car,available,1999.99,2199,medium,low,10,namesilo,,,28/09/2026 22:18
046afbff-06dd-4c64-a941-e8a86a1a6ee6,suction.car,available,1863.2,2064.2,high,low,7,spaceship,,,29/09/2026 14:01
1d4d9e8e-4a62-4528-8214-0f6bb409cbe5,emanuel.car,available,1999.99,2199,high,low,7,namesilo,,,25/09/2026 14:33
0e46cf28-4e03-4170-8158-71f49ec207ec,insipid.car,available,1999.99,2199,medium,low,7,namesilo,,,10/08/2026 12:59
99926296-00b6-4c99-b077-91d95186b94d,situations.car,available,1999.99,2199,medium,low,10,namesilo,,,28/09/2026 04:50
7c57101e-b7dd-4cf4-99fb-bdb9eb293c60,trippingly.car,available,1999.99,2199,medium,low,10,namesilo,,,15/09/2026 11:20
ad035d79-dfc9-404b-94f0-f966d4fe9d21,stupefying.car,available,2070,2400,low,low,10,namecheap,,,10/09/2026 18:10
7afa0cad-14b7-4bb4-9f70-f6e15b525e7e,zhou.car,available,2070,2400,high,low,4,namecheap,,,25/09/2026 22:14
68cc63a7-8f75-481a-9b7e-68c76155af19,amsonia.car,available,2070,2400,medium,low,7,namecheap,,,19/09/2026 00:00
345d766d-ae1d-4991-8fa0-daa7045bb2e7,diarrhea.car,available,1999.99,2199,medium,low,8,namesilo,,,29/09/2026 18:38
93e9d47c-c171-4e6f-ad5b-8eaa438bda60,twist.car,available,2070,2400,high,low,5,namecheap,,,28/09/2026 10:40
53c97edf-1db9-475d-975e-e53eab468ba5,rushes.car,available,2140.22,2140.22,high,low,6,dynadot,,,30/09/2026 06:26
14fe42c2-1cdc-45c7-93c0-b1c502f683a8,knight.car,available,2070,2400,high,medium,6,namecheap,,,30/09/2026 01:42
64d5bab4-ba5a-43ab-91d7-720433736f90,fixedly.car,available,1999.99,2199,medium,low,7,namesilo,,,14/09/2026 18:44
cb449fe2-6e0b-4462-b75a-9374e6f4d81c,phrenetic.car,available,1999.99,2199,medium,low,9,namesilo,,,18/08/2026 14:19
6b448b73-3f33-4535-ae4d-d10b515aaf81,cot.car,available,1999.99,2199,high,low,3,namesilo,,,29/09/2026 06:09
03fc3bde-7d36-4bb9-9b40-b3f9db1bd031,xcvi.car,available,1999.99,2199,medium,low,4,namesilo,,,
53e1a8b6-de4c-4244-a255-6bee1fd8d23b,determinant.car,available,1863.2,2064.2,high,low,11,spaceship,,,30/09/2026 19:21
17562b1f-4c02-4310-8e3d-f58e05039f0d,mcdonald.car,available,1999.99,2199,high,low,8,namesilo,,,
25450479-b479-40e6-a728-afcb54c3130a,aar.car,available,2070,2400,medium,low,3,namecheap,,,16/09/2026 13:19
4060f88d-35ab-4402-a513-66c547cc6f36,benignly.car,available,1999.99,2199,medium,low,8,namesilo,,,13/09/2026 23:51
f33acb7e-8586-4f6e-a978-294997537871,venue.car,available,2060.25,2060.25,high,low,5,porkbun,,,29/09/2026 01:38
6c0bc055-a88f-4cfe-aed2-50fb4414514d,leith.car,available,1999.99,2199,medium,low,5,namesilo,,,28/09/2026 16:45
8341a8f7-e104-470b-aae9-4596f758741f,uttered.car,available,1999.99,2199,medium,low,7,namesilo,,,17/08/2026 18:44
08c77ea1-4e22-442b-b74b-44718726ea87,budget.car,available,1863.2,2064.2,high,low,6,spaceship,,,29/09/2026 05:05
55649d00-abd8-4087-8214-48f402a91251,texts.car,available,2070,2400,medium,low,5,namecheap,,,18/09/2026 23:56
0b2c646a-830c-4551-8ad3-b73db148ab2b,complexion.car,available,1999.99,2199,high,low,10,namesilo,,,30/09/2026 16:45
c82817b8-5133-4cc6-aeb3-026fe225bc12,rollo.car,available,1999.99,2199,high,low,5,namesilo,,,01/10/2026 02:38
441f34f5-71b3-461d-a696-2a2aebfd2dd2,poignant.car,available,1999.99,2199,high,low,8,namesilo,,,
a801aec7-bb02-44d7-8544-0a6426d79018,tatiana.car,available,2140.22,2140.22,medium,low,7,dynadot,,,29/09/2026 21:54
16767a23-892f-43d7-b197-a6f0f25e32e8,cyclosis.car,available,1999.99,2199,medium,low,8,namesilo,,,10/09/2026 22:24
7b2f8dee-7ec3-475d-a1e8-a05b00e174bd,fools.car,available,1999.99,2199,medium,low,5,namesilo,,,27/09/2026 23:44
1b2e2b6a-d838-44cf-8205-16091fd71214,katari.car,available,1999.99,2199,medium,low,6,namesilo,,,22/08/2026 15:12
d873dcaa-a0aa-4fd0-a0b7-a02d934f606a,missoula.car,available,1863.2,2064.2,medium,low,8,spaceship,,,29/09/2026 01:41
d4be7ac5-65d5-4ad3-900d-dee7e031dca0,groggy.car,available,1999.99,2199,medium,low,6,namesilo,,,18/08/2026 09:53
8d631ccd-ed24-425c-8a63-0eeea6c1bd74,madame.car,available,2070,2400,high,low,6,namecheap,,,28/09/2026 06:18
a9bce13c-8182-4148-b2bf-7c3210fd16be,asking.car,available,1863.2,2064.2,high,low,6,spaceship,,,28/09/2026 22:40
b24d5d7f-a14c-4cca-8fd1-ac9bc9dab8c1,attrition.car,available,1999.99,2199,medium,low,9,namesilo,,,21/09/2026 02:20
44b57f25-b00a-4439-97a7-c2c824d08190,fabrication.car,available,1999.99,2199,high,low,11,namesilo,,,30/09/2026 17:24
66572654-0173-4158-9565-c85c655d512c,puke.car,available,1999.99,2199,medium,low,4,namesilo,,,11/08/2026 09:18
5bf492a6-404f-4286-b216-032d51a18bca,paine.car,available,1999.99,2199,medium,low,5,namesilo,,,29/09/2026 13:38
5c904b3a-a184-4ddd-bb4d-132492ba0609,vinnie.car,available,2140.22,2140.22,medium,low,6,dynadot,,,30/09/2026 21:20
dc8e87d2-6721-4ca6-875d-aa22e4fce6cf,psyche.car,available,1999.99,2199,high,low,6,namesilo,,,30/09/2026 04:32
d0f6f5a1-0516-4abe-b7ff-6734ba0fca2a,braw.car,available,1999.99,2199,medium,low,4,namesilo,,,11/08/2026 02:45
e7508235-0b86-44ae-8d6b-e9c771137fe7,garish.car,available,1999.99,2199,medium,low,6,namesilo,,,18/08/2026 06:35
1aed24c5-6a98-444f-b65d-214649e7347b,opaque.car,available,1999.99,2199,high,low,6,namesilo,,,04/09/2026 15:47
56c750c1-dc5e-46f7-9464-74c4788ec5d8,wiley.car,available,1999.99,2199,high,low,5,namesilo,,,27/09/2026 08:05
e7b81248-bb5e-4cce-a7b0-1ff7eb003508,overleaf.car,available,2070,2400,medium,low,8,namecheap,,,15/09/2026 18:27
a0c2a144-6d23-4b8b-823e-a99a1d188eaa,utter.car,available,1863.2,2064.2,medium,low,5,spaceship,,,28/09/2026 10:04
2697a921-2259-421e-b905-e726bded1f77,uncurbed.car,available,1999.99,2199,medium,low,8,namesilo,,,12/09/2026 04:34
b8cccac9-180f-41fa-b4cf-c88f8480edfc,dependence.car,available,1999.99,2199,medium,low,10,namesilo,,,17/09/2026 06:54
12a9ce81-61b6-4e67-9bf4-e45e5ff8b166,semiotic.car,available,1999.99,2199,medium,low,8,namesilo,,,10/09/2026 03:13
355d8fe3-97d6-4579-b539-5e5f042faccc,perform.car,available,2070,2400,high,low,7,namecheap,,,30/09/2026 21:20
8997b0ab-4d32-4c4d-bb89-3661fb51fb86,received.car,available,2070,2400,high,low,8,namecheap,,,27/09/2026 10:43
57656336-5c25-4277-bf47-05db25c55d43,kathryn.car,available,1999.99,2199,high,low,7,namesilo,,,27/09/2026 07:34
34536dda-68a5-4567-ad24-d8bc4f5c62c0,interpret.car,available,2060.25,2060.25,high,low,9,porkbun,,,30/09/2026 17:52
b8e86a81-28c4-4dee-9ddd-bbd5392228f6,bartley.car,available,2140.22,2140.22,medium,low,7,dynadot,,,30/09/2026 21:53
7c06cfb9-d8ed-44ab-8341-c8db98ab637c,creek.car,available,2070,2400,high,low,5,namecheap,,,29/09/2026 04:33
15199a84-fbac-42f1-b90e-8827fd0d6b1e,investor.car,available,2140.22,2140.22,high,medium,8,dynadot,,,28/09/2026 05:43
4ed46b39-8f19-4d4f-a193-fbb86b4a59c5,perturbed.car,available,1999.99,2199,medium,low,9,namesilo,,,18/08/2026 09:31
6f853fce-9c77-43d6-bbdb-e3ac9b65b307,pushup.car,available,2400,,high,low,7,namecheap,,,
a8833a6f-92fc-48fa-97e0-215e62c83f01,bribes.car,available,2519.99,3999.99,low,low,6,godaddy,,,01/10/2026 00:36
afeac1cf-fbda-4fbd-9a38-6bb16da9779a,dodging.car,available,2070,2400,medium,low,7,namecheap,,,21/09/2026 09:51
efc7b953-0466-4ac0-b64b-e7e21377d6b5,wha.car,available,1999.99,2199,medium,low,3,namesilo,,,29/09/2026 14:45
04e944c3-862d-4bf8-8e1a-dd837dafa3d5,naturistic.car,available,1999.99,2199,medium,low,10,namesilo,,,03/09/2026 13:59
b473f720-f861-4636-b5a5-67e0b57ec0bc,hallway.car,available,1999.99,2199,high,low,7,namesilo,,,28/09/2026 05:56
6f1f3ec6-d8ab-41cd-9efb-6e5c7b58a758,lonnie.car,available,2070,2400,medium,low,6,namecheap,,,30/09/2026 13:21
385eb627-8a10-4915-aa25-75e1ddd7984b,schemes.car,available,1863.2,2064.2,medium,low,7,spaceship,,,29/09/2026 17:00
52f2110b-2e72-4fe0-884d-f10d4095b432,suntan.car,available,1999.99,2199,high,low,6,namesilo,,,11/09/2026 07:52
717e4414-5afb-4c76-a9e0-f8e98afaebf2,kano.car,available,1863.2,2064.2,high,low,4,spaceship,,,29/09/2026 09:07
ea1f69ca-a9a4-4040-9040-f54fbeacc80d,affiliation.car,available,1999.99,2199,high,low,11,namesilo,,,
d970ae3c-44ee-4b65-814c-2b91b25dbeae,rebound.car,available,1999.99,2199,high,low,7,namesilo,,,21/09/2026 15:40
e91ca5b4-7728-417d-9d20-34a7d983bb83,doctrine.car,available,1999.99,2199,high,low,8,namesilo,,,28/09/2026 02:40
f557c878-a6d9-45ba-868b-75aacfac5fad,agriculture.car,available,1863.2,2064.2,high,low,11,spaceship,,,29/09/2026 10:29
59a234ff-30d4-4e34-8bd6-95bfac720985,donkeys.car,available,1999.99,2199,medium,low,7,namesilo,,,20/09/2026 00:20
38cf792e-8497-4175-a998-4e905f2c115c,cupid.car,available,1999.99,2199,high,low,5,namesilo,,,18/09/2026 22:35
56b3857f-6e4a-441d-9a87-63672443e157,clarifying.car,available,1999.99,2199,high,low,10,namesilo,,,12/08/2026 09:37
17dca8ff-6ed3-40c5-9ac3-225ec9cefa8a,other.car,available,1999.99,2199,high,low,5,namesilo,,,26/09/2026 00:34
ae6c2830-74f1-4f9a-a503-6b87968ebd73,secluded.car,available,1999.99,2199,high,low,8,namesilo,,,27/09/2026 06:24
9de95f00-ec09-495f-9f94-75ad2da642b2,advent.car,available,1999.99,2199,high,low,6,namesilo,,,17/09/2026 10:31
dff73a40-d19e-4d31-bd03-356c7ef6da90,zygomatic.car,available,1999.99,2199,medium,low,9,namesilo,,,13/09/2026 15:39
d1f0be39-f97d-4d28-9d26-a435d6e49fcf,directions.car,available,1999.99,2199,high,low,10,namesilo,,,27/09/2026 09:16
bc2f171f-f312-4fea-b87c-fb84ebc6a470,eloquently.car,available,2070,2400,medium,low,10,namecheap,,,13/09/2026 20:54
a7ee3f4c-baf3-4b84-a7e2-16bafaf138a0,rotational.car,available,2070,2400,high,medium,10,namecheap,,,09/09/2026 18:47
e3e0076c-7add-4b5c-ac98-e67947e9c2ae,variables.car,available,1999.99,2199,medium,low,9,namesilo,,,
78cefcba-3314-4be4-8170-2fc9a1594130,outs.car,available,1863.2,2064.2,medium,low,4,spaceship,,,30/09/2026 07:29
e3eec291-fb85-4624-aff9-29bbe74cb402,bend.car,available,1999.99,2199,high,low,4,namesilo,,,23/09/2026 07:40
cb37eecd-be53-4567-9c39-087fd58b5807,muhammadan.car,available,1999.99,2199,medium,low,10,namesilo,,,25/08/2026 03:21
ec0998f7-a914-4277-882d-82b28e6a018c,unicorn.car,available,1863.2,2064.2,high,medium,7,spaceship,,,29/09/2026 14:05
33592fab-5b00-417e-aaf7-c60776811dd5,entity.car,available,2140.22,2140.22,high,low,6,dynadot,,,29/09/2026 02:32
bd071122-45fd-42cc-a642-6b3013572211,algolagnia.car,available,1999.99,2199,medium,low,10,namesilo,,,18/09/2026 07:07
750fcbda-00c3-49c2-9553-99e3b66d4029,deccan.car,available,1863.2,2064.2,medium,low,6,spaceship,,,29/09/2026 23:43
00157269-8644-4303-a064-60a5b2479f20,steam.car,available,2140.22,2140.22,high,medium,5,dynadot,,,30/09/2026 11:57
6ebf7f61-bcea-4a08-b992-539172c63f03,flaws.car,available,1863.2,2064.2,medium,low,5,spaceship,,,29/09/2026 17:49
169cee10-0ee4-4fac-9825-bae15dca07df,unaided.car,available,1999.99,2199,medium,low,7,namesilo,,,12/09/2026 00:13
991d86b3-61f4-407c-9375-ae8ff1fe4f6c,divine.car,available,1999.99,2199,high,low,6,namesilo,,,
6be17e9e-0f29-4b48-9652-ac97704ad493,blazonry.car,available,1999.99,2199,medium,low,8,namesilo,,,24/09/2026 05:06
2714eb35-80ee-4c46-9874-3835b094ec0f,pyknic.car,available,1999.99,2199,medium,low,6,namesilo,,,17/08/2026 01:17
0709b37d-c23e-4e18-8041-7855f3744349,assessable.car,available,1999.99,2199,medium,low,10,namesilo,,,07/08/2026 06:04
868f8239-9547-4ae3-a180-4054e47b3e49,purple.car,available,2070,2400,high,medium,6,namecheap,,,24/09/2026 13:58
1f2cab11-5131-4596-9fff-fa7e7ebadcea,paradox.car,available,2060.25,2060.25,high,low,7,porkbun,,,29/09/2026 07:49
1da969d2-7af9-451a-ace4-211b19c18372,slyly.car,available,1999.99,2199,medium,low,5,namesilo,,,14/09/2026 09:08
7bf3e8b3-4f21-4bf7-901a-74cb4a4cb178,marches.car,available,1863.2,2064.2,medium,low,7,spaceship,,,29/09/2026 19:38
d2b72c62-e191-4826-b6e5-36ecf8297a17,weil.car,available,1999.99,2199,medium,low,4,namesilo,,,19/09/2026 04:20
f70832a9-f7bb-4435-acd4-e00b022191ce,limb.car,available,1999.99,2199,medium,low,4,namesilo,,,28/09/2026 10:14
5f78e020-9d1a-43c7-b0a0-daa2ac37268c,undersexed.car,available,1999.99,2199,medium,low,10,namesilo,,,12/09/2026 07:31
62a6f1fc-3821-471c-b2b0-789c37472387,agrologic.car,available,1999.99,2199,medium,low,9,namesilo,,,
110016d4-f0b1-4c4a-bc5b-1c1ab19cc6e8,chang.car,available,1999.99,2199,high,medium,5,namesilo,,,28/09/2026 09:21
f42a4bc5-b63e-4278-897c-8d6cfec1b20f,reebok.car,available,1999.99,2199,high,low,6,namesilo,,,
4edd0d03-0232-4a18-a36d-20e49ac729ea,boardwalk.car,available,2070,2400,high,low,9,namecheap,,,30/09/2026 08:21
d95d09f0-cd96-40ad-880e-8079513d4d1f,invariable.car,available,1999.99,2199,high,low,10,namesilo,,,12/08/2026 22:58
b9276d1b-def2-4ab7-9a24-f3339a9e8b0c,burlesque.car,available,1999.99,2199,high,low,9,namesilo,,,11/08/2026 10:40
9404becf-17d4-4f5f-a195-7cd1ae6d8f95,tagore.car,available,1999.99,2199,medium,low,6,namesilo,,,30/09/2026 02:38
598e6729-f7e3-417f-be03-30238a1a2960,guy.car,available,1999.99,2199,high,low,3,namesilo,,,24/09/2026 02:27
1d9e1e9c-f3d1-4179-9634-0d44d513ac95,restructure.car,available,1999.99,2199,high,low,11,namesilo,,,
20917f3d-da93-4f83-9a32-d23fa4def0e5,susie.car,available,1999.99,2199,medium,low,5,namesilo,,,28/09/2026 16:25
37e77251-a765-41ad-9d7c-b46f813dd1e0,tipton.car,available,1863.2,2064.2,medium,low,6,spaceship,,,29/09/2026 04:26
b78f5fb9-20af-41b9-b6dd-9391722e3f2e,alley.car,available,1863.2,2064.2,medium,low,5,spaceship,,,28/09/2026 20:31
3078f198-493c-464f-841d-55a8e6d7de99,boogie.car,available,1863.2,2064.2,high,low,6,spaceship,,,29/09/2026 18:03
77853024-7a26-4211-ae8e-096fb9f48418,alkeran.car,available,2070,2400,medium,low,7,namecheap,,,18/09/2026 08:31
f8b261dd-b938-4aad-bfc4-3b18978a9b90,antitoxin.car,available,2070,2400,medium,low,9,namecheap,,,19/09/2026 15:12
bdb51699-22d8-44a2-a86d-3db89f0fbb56,kaufman.car,available,1999.99,2199,medium,low,7,namesilo,,,25/09/2026 22:56
0bbbdeeb-f685-4858-ab10-d2e652df64d4,employment.car,available,1999.99,2199,high,low,10,namesilo,,,29/09/2026 18:07
149aec86-a191-45cc-bd72-6b56240505f8,claudia.car,available,2070,2400,high,low,7,namecheap,,,25/09/2026 13:43
aa0a9fa4-5584-4f1e-9d1d-8bd520ed7e2d,operates.car,available,2060.25,2060.25,medium,low,8,porkbun,,,29/09/2026 10:32
1a343a73-680c-463a-847c-6dbfb8fcc2dc,scab.car,available,1999.99,2199,medium,low,4,namesilo,,,24/09/2026 02:52
c33795da-ad57-411e-aa01-54afb897143f,advertiser.car,available,1999.99,2199,high,low,10,namesilo,,,17/09/2026 08:38
148a77c0-88f8-4b45-86e5-820e5b0f1c35,snugly.car,available,1999.99,2199,medium,low,6,namesilo,,,16/09/2026 03:31
92ddb176-3047-4eb6-ae6c-047f9ad06209,rakes.car,available,1999.99,2199,medium,low,5,namesilo,,,20/09/2026 22:29
546bf3b3-fd79-419a-9734-1a019308a182,alertly.car,available,1999.99,2199,medium,low,7,namesilo,,,13/09/2026 18:40
7a6eb1a6-ad9e-4f76-a123-c6cf0a9088d6,towing.car,available,1999.99,2199,high,low,6,namesilo,,,30/09/2026 03:48
9a131c98-b534-407d-9496-2e78945660f4,eva.car,available,1999.99,2199,high,medium,3,namesilo,,,25/09/2026 14:38
47be4510-f052-459b-9935-7d3ed397e3f3,engage.car,available,1999.99,2199,high,low,6,namesilo,,,29/09/2026 22:50
2467a2e2-029a-47f8-a7eb-e60eea612389,mercantile.car,available,2070,2400,high,low,10,namecheap,,,24/08/2026 20:23
8e553558-2c99-40db-adae-a3969009a1e2,flesh.car,available,2070,2400,high,low,5,namecheap,,,25/09/2026 21:58
f608b70c-9c40-492a-86b1-88dc6486daf6,cub.car,available,2070,2400,high,low,3,namecheap,,,24/09/2026 20:02
65868251-f821-41b7-aece-a4dc506a7f9c,pediatric.car,available,1999.99,2199,high,low,9,namesilo,,,04/09/2026 22:48
31fd003e-b816-4c83-b25d-7a6ee8a981ef,relaxed.car,available,1999.99,2199,high,low,7,namesilo,,,09/09/2026 13:24
ecfd83af-a273-457c-a796-304145236c9f,answered.car,available,2999.99,3799.99,high,low,8,name.com,,,25/09/2026 16:54
4e171229-0fa0-4512-b059-6a19ccb5533c,serpentine.car,available,1999.99,2199,medium,low,10,namesilo,,,10/09/2026 04:45
bae48ca6-a39b-41a0-a966-7d6565427478,chekhov.car,available,1999.99,2199,medium,low,7,namesilo,,,19/09/2026 15:27
5a025d6f-841c-434a-9d4a-3630d575e4db,amphibia.car,available,1999.99,2199,high,low,8,namesilo,,,18/09/2026 23:11
454ba71b-9edf-4b64-8adc-4b436f14202d,decency.car,available,1863.2,2064.2,high,low,7,spaceship,,,29/09/2026 06:36
9d7aabc5-4d4e-465c-88e8-8a9ab7f96728,fleischer.car,available,1999.99,2199,high,low,9,namesilo,,,30/09/2026 16:27
05d3043a-80f0-4a24-8ef6-8740ad97ddfb,doubter.car,available,2070,2400,medium,low,7,namecheap,,,
07367467-6ac8-454b-9630-3799cb125ab7,antipathy.car,available,1999.99,2199,medium,low,9,namesilo,,,19/09/2026 14:53
a35fc128-953d-4d03-b332-a430d29ffcd3,ordering.car,available,1863.2,2064.2,high,low,8,spaceship,,,27/09/2026 15:05
78ff8cf2-268a-404a-8ced-2e65f4eadf8b,pompom.car,available,1999.99,2199,medium,low,7,namesilo,,,
750ca962-2bdd-4ce3-804a-4597f239825e,blazon.car,available,1999.99,2199,high,low,6,namesilo,,,24/09/2026 05:05
8db6b75c-5446-4cff-89ec-3afec3abd83e,mental.car,available,1999.99,2199,high,low,6,namesilo,,,08/09/2026 12:21
e76af8c6-1ac5-45ad-8038-f83c3c309365,parable.car,available,1999.99,2199,high,low,7,namesilo,,,18/09/2026 10:36
f5eb1696-bfa9-4d82-b2eb-50efaa56ae4d,jong.car,available,2070,2400,medium,low,4,namecheap,,,28/09/2026 14:03
33b9dca2-2447-46f2-8501-a516d67cce4f,embassador.car,available,1999.99,2199,high,low,10,namesilo,,,18/09/2026 16:29
f2e6ef67-914a-451d-96fe-bcf3848d8ed0,sikorsky.car,available,2070,2400,high,low,8,namecheap,,,30/09/2026 17:41
b473315d-4671-49dd-86cf-ea9df46f8abc,parliament.car,available,2070,2400,high,low,10,namecheap,,,29/09/2026 07:49
b33a7258-569c-4a11-a2f6-58ad6f2f96dc,beading.car,available,2070,2400,high,low,7,namecheap,,,22/09/2026 19:27
3166d0d0-176e-48b4-a458-a9f39e151c69,social.car,available,1999.99,2199,high,medium,6,namesilo,,,19/09/2026 17:20
be49328d-23d5-4a3d-b656-58cf4c2a0e18,traced.car,available,1999.99,2199,low,low,6,namesilo,,,28/09/2026 13:04
cc766372-2f97-4ed8-af20-8ba84adfc384,mccartney.car,available,1863.2,2064.2,medium,low,9,spaceship,,,28/09/2026 06:23
0a1c920e-6d11-4fe0-bceb-4bc1e0303fee,emphasise.car,available,1999.99,2199,high,low,9,namesilo,,,16/09/2026 21:53
b9ffa06e-e6a2-48fd-8495-78ace0fa61ae,beatrice.car,available,1999.99,2199,high,low,8,namesilo,,,22/09/2026 21:46
29e82cd4-0dcd-4de3-9d98-de559e07e97a,tapped.car,available,1999.99,2199,high,low,6,namesilo,,,11/09/2026 08:19
152a8f76-2dba-440c-a091-690d295015c9,fabricated.car,available,2070,2400,medium,low,10,namecheap,,,17/08/2026 20:15
9d847ec6-4206-4e14-811f-26d0bf880244,start.car,available,1999.99,2199,high,medium,5,namesilo,,,27/09/2026 04:39
8e69769a-333e-4c9a-897b-b8544a6a24ba,imperious.car,available,1999.99,2199,medium,low,9,namesilo,,,21/08/2026 01:26
975c7812-f254-485b-8270-f2389d2b2b8c,bellows.car,available,2070,2400,high,low,7,namecheap,,,23/09/2026 06:26
a486da6c-84cd-4a57-a16f-29149a740751,peculiar.car,available,1999.99,2199,high,low,8,namesilo,,,13/08/2026 11:08
91094c21-c790-44d0-8d87-c741e5005696,karel.car,available,1999.99,2199,high,low,5,namesilo,,,29/09/2026 09:01
2e62eff2-fd23-40ad-8193-e719e46c381f,habitable.car,available,2070,2400,high,low,9,namecheap,,,20/08/2026 21:25
b44ce9e2-56b0-4cd3-bf24-7490ecc3ffa2,kipling.car,available,1999.99,2199,high,medium,7,namesilo,,,29/09/2026 01:27
b4f95746-4dcc-4e6d-8e59-792a0eb9755c,anouilh.car,available,1999.99,2199,medium,low,7,namesilo,,,19/09/2026 11:52
e80802f3-8fd8-4357-9efa-abe19063e34f,company.car,available,2140.22,2140.22,high,low,7,dynadot,,,30/09/2026 01:24
96075b2f-f4a8-4ba0-945b-a2c6d3cfa3f2,coco.car,available,1999.99,2199,high,high,4,namesilo,,,24/09/2026 16:14
d75c521a-994c-4254-96f8-5ca6cce98842,poitiers.car,available,2070,2400,medium,low,8,namecheap,,,22/09/2026 15:48
139baa44-3e09-47f8-aa11-f9d0489a677e,unlovely.car,available,1999.99,2199,medium,low,8,namesilo,,,12/09/2026 15:12
3d5cc181-bb4b-4255-9fe5-6fc86b31bf7b,palpable.car,available,1999.99,2199,high,low,8,namesilo,,,05/09/2026 00:07
c8e76d19-123a-4e86-919d-aa826569dfea,embryo.car,available,1863.2,2064.2,high,low,6,spaceship,,,30/09/2026 16:45
5fd28086-02aa-44d8-8e6e-67525db62032,linking.car,available,1999.99,2199,high,low,7,namesilo,,,29/09/2026 08:52
0fc61287-aff1-457a-8a64-da8c1551231b,cargo.car,available,1999.99,2199,high,low,5,namesilo,,,24/09/2026 12:56
5f6830d2-cb62-42c9-9e4c-bd3f4056c84e,raymond.car,available,2070,2400,high,low,7,namecheap,,,25/09/2026 19:12
8ea7373c-985b-42ae-a89a-80571f0f5f5a,touchable.car,available,1999.99,2199,high,low,9,namesilo,,,11/09/2026 07:57
ee6e83fb-e669-44c8-9a65-2f964d6bc2e4,bandolier.car,available,1999.99,2199,medium,low,9,namesilo,,,22/09/2026 01:27
1dad530e-8853-4659-a749-5015e2fd74b2,championships.car,available,1863.2,2064.2,medium,low,13,spaceship,,,30/09/2026 06:40
4c3ce917-cb6d-4ef0-8051-e9c75d1fd3f2,audi.car,available,1999.99,2199,high,high,4,namesilo,,,27/09/2026 06:20
c4dde2c9-2b8c-4b9b-ab26-1c9c3aa3a99a,thoreau.car,available,1999.99,2199,high,low,7,namesilo,,,29/09/2026 13:02
8ef4a80d-9d52-41d2-9163-4c89d67cd917,evanston.car,available,2060.25,2060.25,medium,low,8,porkbun,,,28/09/2026 08:11
ccd03359-8ff9-4cfb-b941-1f9fa9c8401b,peddling.car,available,1999.99,2199,high,low,8,namesilo,,,30/09/2026 02:33
e7c777f0-8ad0-4763-8e25-34fe88efd671,aspirations.car,available,2140.22,2140.22,medium,low,11,dynadot,,,29/09/2026 23:55
fee885e3-7ca5-4368-91a4-328914e54c7f,sulfuric.car,available,1999.99,2199,medium,low,8,namesilo,,,11/09/2026 01:29
55d1127c-6d6c-4247-a492-9b58cebfd855,amnesty.car,available,1999.99,2199,high,low,7,namesilo,,,18/09/2026 22:23
8e1dbe06-6e97-4c7a-af0f-c766a25207df,rear.car,available,2070,2400,high,low,4,namecheap,,,22/09/2026 19:06
e4f6d645-1350-483e-b027-f643af4c3d55,personalities.car,available,1863.2,2064.2,medium,low,13,spaceship,,,29/09/2026 00:05
c239f4e4-2e33-475c-a097-75849b7a5139,yalta.car,available,2070,2400,medium,low,5,namecheap,,,30/09/2026 19:08
ae175600-d7b3-402d-bc1d-db72f3638306,wellborn.car,available,1999.99,2199,medium,low,8,namesilo,,,13/09/2026 10:42
3945d745-555c-444e-b47e-f6507918126a,widget.car,available,1999.99,2199,high,low,6,namesilo,,,19/09/2026 21:50
b5841043-208b-479a-91b3-d42cb0e77926,soledad.car,available,2060.25,2060.25,medium,low,7,porkbun,,,30/09/2026 18:46
7cdba032-3340-4716-818b-fb63fdd42256,tai.car,available,1999.99,2199,high,low,3,namesilo,,,10/09/2026 07:25
1b994c69-0669-498d-b4c5-eb5dd5fbf58e,ground.car,available,1999.99,2199,high,low,6,namesilo,,,29/09/2026 17:40
3184eb52-161a-402c-aed2-f992d6f9c572,communicated.car,available,2140.22,2140.22,medium,low,12,dynadot,,,30/09/2026 22:45
39d64fea-e315-41a9-b61f-c6a26d764b48,anomia.car,available,1999.99,2199,medium,low,6,namesilo,,,18/09/2026 22:21
e810bbe3-7241-4eef-8e85-ca05b944edde,represents.car,available,1999.99,2199,medium,low,10,namesilo,,,28/09/2026 05:02
81c3aec6-b004-4997-9e68-2a5c4a9a0ae4,arctiid.car,available,1999.99,2199,medium,low,7,namesilo,,,20/09/2026 02:47
7d1058f5-e790-497e-a94b-6d444d3d866d,whites.car,available,1999.99,2199,high,low,6,namesilo,,,28/09/2026 16:57
b6cf6cfb-e6f9-442f-96cd-9c7b9aadac34,gardner.car,available,1999.99,2199,high,low,7,namesilo,,,25/09/2026 05:38
9fc7d80e-b152-4320-b9f0-3bcf031022e8,enrollments.car,available,1863.2,2064.2,medium,low,11,spaceship,,,30/09/2026 16:24
90216912-dd75-46ca-93c1-b4a4bcd30cfc,mahon.car,available,1863.2,2064.2,medium,low,5,spaceship,,,28/09/2026 22:25
09f3f890-0dee-4214-ad47-ec54df4fbd25,returns.car,available,1999.99,2199,high,low,7,namesilo,,,17/09/2026 17:19
9479571c-2964-40d2-9577-7b4b5744e532,citizens.car,available,1999.99,2199,high,low,8,namesilo,,,18/09/2026 15:13
be233139-0994-4d22-9d41-e7ec8f47be2f,punitive.car,available,1999.99,2199,high,medium,8,namesilo,,,09/09/2026 06:02
6eb68dd5-b463-483e-b194-5b40ac75d16c,killed.car,available,1999.99,2199,medium,low,6,namesilo,,,17/09/2026 12:17
d66eaa43-c997-479d-824d-1dd5807ee50a,filipino.car,available,1999.99,2199,high,low,8,namesilo,,,18/08/2026 04:19
e98ed6f5-c976-410e-b561-ca9a0615459c,apprehend.car,available,2070,2400,high,low,9,namecheap,,,20/09/2026 09:02
a4672de4-f79a-4562-8e20-0bd26f8f53f6,waverly.car,available,2070,2400,medium,low,7,namecheap,,,29/09/2026 10:04
5f187c9d-ed65-4838-9ab0-d7628fdd6bed,randolph.car,available,1999.99,2199,high,low,8,namesilo,,,25/09/2026 14:59
ea6d87b8-1c48-485b-bc83-476c8d553de3,huffish.car,available,1999.99,2199,medium,low,7,namesilo,,,21/08/2026 14:38
4ec090e4-ba7b-4077-b1a3-966a554491d1,presents.car,available,1999.99,2199,high,low,8,namesilo,,,08/09/2026 04:30
9e0be56b-9001-4a47-a686-86c2c729a3b4,dispatching.car,available,1999.99,2199,high,low,11,namesilo,,,
ab75f969-c3f5-4d87-888c-5ee66c0167c7,asphyxia.car,available,1999.99,2199,medium,low,8,namesilo,,,20/09/2026 15:10
4b16bf3e-e88f-43b5-939b-1489518b17f7,proximal.car,available,1999.99,2199,high,low,8,namesilo,,,09/09/2026 04:44
f74cdd24-ffd1-40b1-b8c5-79e0f5c72556,rhapsodic.car,available,1999.99,2199,medium,low,9,namesilo,,,14/08/2026 23:52
8d121efe-bab7-49f8-83d2-c108e48b1962,hiv.car,available,1999.99,2199,high,low,3,namesilo,,,25/09/2026 07:23
4d91a2f5-278c-462f-8504-767fd524336c,depended.car,available,1999.99,2199,medium,low,8,namesilo,,,29/09/2026 17:13
66c85b84-cc2c-40e3-9093-06cb96a43144,prepare.car,available,1999.99,2199,high,low,7,namesilo,,,27/09/2026 10:25
b34d7ed7-f2ec-4507-9ca5-65db1f79fccb,textbook.car,available,1999.99,2199,high,low,8,namesilo,,,23/09/2026 13:09
1085678c-62c6-4572-9ba4-99079eb14b8f,proportions.car,available,2999.99,3799.99,high,low,11,name.com,,,17/09/2026 11:38
36543dbf-579b-456c-bf02-f6e7f2593d4a,moated.car,available,1999.99,2199,medium,low,6,namesilo,,,25/08/2026 02:14
84c4cef6-8751-496e-905e-c3c4132eaadc,scruffy.car,available,1999.99,2199,medium,low,7,namesilo,,,10/09/2026 00:25
3e2c313d-a19b-4ab6-b171-aa098b1d4168,parody.car,available,1999.99,2199,high,low,6,namesilo,,,23/09/2026 11:34
35f9277e-dd19-4b91-9d8d-200cf66debb8,abdullah.car,available,2060.25,2060.25,high,low,8,porkbun,,,28/09/2026 03:48
a3a66d23-cd29-4d74-94ca-2c2bffcd188f,increasing.car,available,2070,2400,high,low,10,namecheap,,,25/09/2026 08:12
a199c645-6b9f-43ad-a8a7-dfbb65798aad,consultation.car,available,1999.99,2199,high,low,12,namesilo,,,29/09/2026 22:42
02073425-5d2c-4371-a928-de711dade886,sapid.car,available,1999.99,2199,medium,low,5,namesilo,,,18/08/2026 07:14
26a2c8a1-dc1a-429a-8b8d-62b7cfed8914,andrena.car,available,1999.99,2199,medium,low,7,namesilo,,,19/09/2026 04:31
4018e276-c754-453a-befe-fffb50921830,suspicions.car,available,1999.99,2199,medium,low,10,namesilo,,,18/09/2026 08:04
17ada9ad-b96f-4af1-894e-5bc54172fae5,fresnel.car,available,1999.99,2199,high,low,7,namesilo,,,21/09/2026 04:00
09d12e68-2d3e-48c6-bcd7-fa6c8ffbfe09,estelle.car,available,1863.2,2064.2,medium,low,7,spaceship,,,29/09/2026 03:59
f329cf1c-d16d-4c75-9b88-61a64a3e5ae6,cozily.car,available,1999.99,2199,medium,low,6,namesilo,,,14/09/2026 08:48
0c799163-0cb5-4b7a-a29a-6e57bce8ff03,bidet.car,available,1999.99,2199,high,low,5,namesilo,,,23/09/2026 13:46
c60b901a-26a4-4c7d-8665-b277c9d3714a,solomons.car,available,1999.99,2199,medium,low,8,namesilo,,,30/09/2026 18:46
1a4c7588-90fc-42c6-a9de-09bde23188f8,nicaraguan.car,available,1999.99,2199,medium,low,10,namesilo,,,03/09/2026 17:03
11e88502-e686-4ebb-b0ff-e8cb4657e266,nascar.car,available,2070,2400,high,low,6,namecheap,,,29/09/2026 03:51
aa516f2b-b0f0-4237-8e12-45c8b4868478,follows.car,available,2060.25,2060.25,high,low,7,porkbun,,,27/09/2026 18:23
6af14452-4d59-4ca9-9ee3-75a83459a304,architects.car,available,1863.2,2064.2,medium,low,10,spaceship,,,30/09/2026 07:29
bdd20888-2552-4c18-a684-e4b4af3299a3,merging.car,available,1999.99,2199,high,low,7,namesilo,,,24/08/2026 20:43
f38e79f3-5aab-4f32-bf18-34d448c7dfb8,wryly.car,available,1999.99,2199,medium,low,5,namesilo,,,16/09/2026 11:46
86c6cac8-bc58-48d3-8340-663889c53a4c,batiste.car,available,1999.99,2199,medium,low,7,namesilo,,,22/09/2026 14:05
9287f72a-e1d6-4a88-973d-606cf3251e0b,tantric.car,available,1999.99,2199,high,low,7,namesilo,,,11/09/2026 08:05
6e6aaed7-d05d-4f50-9b33-aa84507d7f97,troubles.car,available,1999.99,2199,medium,low,8,namesilo,,,27/09/2026 02:38
61f4d8e3-2782-45a8-95c6-6d3488581068,critter.car,available,2070,2400,high,low,7,namecheap,,,24/09/2026 19:33
ff90b195-eab3-453a-b4d1-f88801cdb0d9,eugenic.car,available,1999.99,2199,medium,low,7,namesilo,,,17/08/2026 14:11
ae8e5ef1-5335-466d-a276-e223aabce219,fremantle.car,available,1999.99,2199,high,low,9,namesilo,,,29/09/2026 23:48
15f53c37-2162-44fe-90e4-bfb844f9910d,dji.car,available,1999.99,2199,high,low,3,namesilo,,,
7f03ea9e-cf0b-4722-9c29-ea7e7eb7e898,baric.car,available,1999.99,2199,low,low,5,namesilo,,,08/08/2026 19:31
5d3fb341-869a-4585-8c3e-f6de64600901,basotho.car,available,1999.99,2199,medium,low,7,namesilo,,,22/09/2026 11:35
5d785fa3-3f87-428e-b332-8a0114713033,stickers.car,available,2060.25,2060.25,high,low,8,porkbun,,,30/09/2026 07:47
fc0b2868-55e7-479d-9073-2047e5a59cda,pickaback.car,available,1999.99,2199,medium,low,9,namesilo,,,15/09/2026 19:48
ad9790a0-cd78-400b-ba08-4d726dedc59f,cutting.car,available,2999.99,3799.99,high,low,7,name.com,,,13/08/2026 13:12
f551e91e-bd87-4dd6-9815-10d8e45702e4,bulb.car,available,2060.25,2060.25,high,low,4,porkbun,,,29/09/2026 05:14
2bab0d8f-2f52-4449-8549-1b15b9873350,rand.car,available,1999.99,2199,high,low,4,namesilo,,,21/09/2026 10:39
113fe4cb-fbe0-4cc8-a691-a5ee9afee04f,divisions.car,available,2060.25,2060.25,medium,low,9,porkbun,,,29/09/2026 04:40
1d5e420c-2782-4c1d-b047-1c82e7daa05a,beany.car,available,2070,2400,medium,low,5,namecheap,,,22/09/2026 20:33
4aeb543d-81ca-4d89-9081-37c04ab6d698,engraved.car,available,1999.99,2199,high,low,8,namesilo,,,17/08/2026 07:40
0db78623-96ae-4042-9db4-1a7179a0e417,baptistry.car,available,1999.99,2199,medium,low,9,namesilo,,,22/09/2026 03:28
d3a5887d-0357-44b5-a3b8-debb7d5ff5a6,pertinent.car,available,1999.99,2199,high,low,9,namesilo,,,06/08/2026 07:59
a8241b8a-baeb-480d-9016-7597e33315fa,stepped.car,available,2070,2400,high,low,7,namecheap,,,25/09/2026 18:05
45292b44-5874-4553-8a0f-1fee143ff9fa,affirm.car,available,1999.99,2199,high,high,6,namesilo,,,30/09/2026 12:40
e1fe2bdf-bf4c-4481-9888-196bf5e4baaf,neville.car,available,2070,2400,high,low,7,namecheap,,,25/09/2026 18:10
e6d2a6ce-550e-4b99-bdcc-8421d37dc2ac,embroidery.car,available,1999.99,2199,high,low,10,namesilo,,,01/10/2026 01:51
60a78644-1c7d-4e48-a17e-4987e074d686,coffeepots.car,available,1999.99,2199,medium,low,10,namesilo,,,21/09/2026 00:56
10000a90-bac4-4f54-ab2b-007da43d43d3,livery.car,available,1999.99,2199,high,low,6,namesilo,,,24/08/2026 08:06
86827924-163d-48d0-a7f8-05a7e86a9d1b,unabated.car,available,1999.99,2199,high,low,8,namesilo,,,11/09/2026 23:24
c3b1015a-4905-4b3b-8c8b-1348c4dd81a3,student.car,available,1999.99,2199,high,low,7,namesilo,,,29/09/2026 03:37
1c1274b2-616a-4b59-b1eb-6246e418ef6e,ross.car,available,1999.99,2199,high,low,4,namesilo,,,23/09/2026 11:35
0419ea8a-e339-4c7a-a8b1-6e2e14801d59,destroyed.car,available,1999.99,2199,medium,low,9,namesilo,,,24/09/2026 07:01
46f74c5d-ceae-4b56-a6a7-f37a6ab53a95,unselected.car,available,2070,2400,medium,low,10,namecheap,,,12/09/2026 19:14
1a74e884-42e3-44c6-a6fc-e783f621ec01,toothcare.car,available,2400,,medium,low,9,namecheap,,,
173516e3-43b2-4b9b-b33f-bc9859625f00,federated.car,available,1999.99,2199,high,low,9,namesilo,,,18/08/2026 00:38
98dd6879-2a47-4969-928b-a35f4fb97a99,bent.car,available,1999.99,2199,medium,low,4,namesilo,,,09/08/2026 14:16
a7f3f25a-9729-4873-af07-26a09d3b7233,currency.car,available,2070,2400,high,low,8,namecheap,,,29/09/2026 13:06
b4f2d6cd-de72-4972-9407-a6368f5bd882,mingle.car,available,1999.99,2199,high,low,6,namesilo,,,22/09/2026 03:11
18950020-2da4-4d9e-a87d-8a99bdae244c,unuttered.car,available,1999.99,2199,medium,low,9,namesilo,,,12/09/2026 09:47
ba25704e-87ec-47ed-a5e3-fcff0b6c991e,broadwise.car,available,1999.99,2199,medium,low,9,namesilo,,,14/09/2026 01:26
49b26f61-820a-4202-9c46-4ac45b6db1d6,austin.car,available,1999.99,2199,high,low,6,namesilo,,,21/09/2026 04:43
6378381d-74f0-4a58-8c52-34c1424cffda,landlocked.car,available,2070,2400,medium,low,10,namecheap,,,22/08/2026 19:26
5616e57e-1e35-4a40-9b80-5c4ee3ccbb9a,antbird.car,available,1999.99,2199,medium,low,7,namesilo,,,19/09/2026 12:17
3c367143-6786-4c14-8a07-7f6e7afb1ee0,floyd.car,available,2070,2400,high,low,5,namecheap,,,25/09/2026 19:20
0192ac7c-4b0a-45df-9741-638cd55ecdac,organisation.car,available,1863.2,2064.2,medium,low,12,spaceship,,,29/09/2026 04:49
86b52fe1-9717-4f07-b9ec-864a9bd0f46b,bala.car,available,1863.2,2064.2,medium,low,4,spaceship,,,28/09/2026 22:20
da189381-df55-44d1-9960-897e3edf73f0,dispensary.car,available,1999.99,2199,high,low,10,namesilo,,,24/09/2026 22:58
d29d449e-46d6-4609-9402-10ef3505e09f,amyl.car,available,2070,2400,medium,low,4,namecheap,,,19/09/2026 00:29
5c1a5b1d-10b9-41eb-a182-ab288f18431f,backyard.car,available,1999.99,2199,high,low,9,namesilo,,,21/09/2026 16:22
8d4c59ca-5ac4-442e-aea1-1101e12cc985,affected.car,available,1999.99,2199,high,low,8,namesilo,,,
1f4e822b-41a8-432a-bf97-08aee05faf4e,puritanic.car,available,1999.99,2199,high,medium,9,namesilo,,,09/09/2026 06:20
45ac96b9-d457-4969-826c-d3b6e49873d6,footloose.car,available,1999.99,2199,high,low,9,namesilo,,,18/08/2026 10:46
e71300af-8be2-4759-b359-57d905d7281c,consequent.car,available,1999.99,2199,high,low,10,namesilo,,,
e7277579-71b2-4407-9520-9d8ccf0fd2a0,asexuality.car,available,2070,2400,medium,low,10,namecheap,,,20/09/2026 13:33
19ca43f9-b75c-471d-b2c7-1a515f5f8697,unbleached.car,available,1999.99,2199,medium,low,10,namesilo,,,12/09/2026 02:04
535a7637-87ed-4b4a-af53-6ac81861b8c0,pureblood.car,available,1999.99,2199,medium,low,9,namesilo,,,08/09/2026 13:00
072fb2a0-bb2e-44c3-82cb-694559b7b468,dietary.car,available,1999.99,2199,high,low,7,namesilo,,,08/09/2026 15:41
895502c6-1b35-496e-ba27-9d45a059a657,resolve.car,available,1999.99,2199,high,low,7,namesilo,,,28/09/2026 01:54
2b0fc1c0-f4bb-4bc3-afd4-f55bcf052b4d,octad.car,available,1999.99,2199,medium,low,5,namesilo,,,
377e52ad-6173-476b-9a78-8f2544889d58,cordless.car,available,1999.99,2199,high,low,8,namesilo,,,13/08/2026 01:04
ee73001d-7370-4d05-b0fa-3c2ab816ef76,connors.car,available,1863.2,2064.2,medium,low,7,spaceship,,,29/09/2026 06:24
0593a548-9a1b-42a4-8440-cf89a21c7133,commitment.car,available,1999.99,2199,high,low,10,namesilo,,,18/09/2026 10:59
a5e15dc4-7e4b-455d-9a4e-17f4cbb6f60a,synaptic.car,available,1999.99,2199,high,low,8,namesilo,,,11/09/2026 06:09
eb0d1bbd-5d90-4f2a-af7f-2d1c52e1cade,success.car,available,1863.2,2064.2,high,low,7,spaceship,,,28/09/2026 17:50
3f6388ec-1d3d-458d-b5c7-8ebf83958b3c,minimums.car,available,1999.99,2199,medium,low,8,namesilo,,,20/09/2026 08:36
5ca17c33-e870-4021-8ffc-9de0961c80bc,hogan.car,available,1999.99,2199,high,low,5,namesilo,,,23/09/2026 07:21
32105213-4162-4081-ac89-09f9ea11ab7a,almandine.car,available,1999.99,2199,medium,low,9,namesilo,,,18/09/2026 12:29
08359a7f-3859-42ea-bf81-67e084ac023f,dishy.car,available,1999.99,2199,medium,low,5,namesilo,,,14/08/2026 11:03
9ff18df8-1da9-4ca4-ab05-c4499b13a9c3,aurally.car,available,1999.99,2199,medium,low,7,namesilo,,,13/09/2026 22:46
8d5c5bca-27c7-44c4-b765-9ae1b8da747f,booster.car,available,1999.99,2199,high,low,7,namesilo,,,17/09/2026 08:57
85cade9b-83c4-43b4-b5d8-a4adc236fb91,carangid.car,available,2070,2400,medium,low,8,namecheap,,,11/08/2026 18:31
7f37db2c-548f-46af-9b6a-77336229c43b,sings.car,available,2070,2400,medium,low,5,namecheap,,,27/09/2026 23:41
8c7d1e4a-05f3-43ed-8e24-ff224b240a42,art.car,available,1863.2,2064.2,high,medium,3,spaceship,,,29/09/2026 20:37
bd298b0c-a57b-44ba-b470-6eb6a4a8038f,bobcat.car,available,1999.99,2199,high,medium,6,namesilo,,,22/09/2026 17:27
5c815a32-3c25-46d6-bbc2-cd850c2de61f,met.car,available,1863.2,2064.2,high,low,3,spaceship,,,27/09/2026 17:23
d1d75aa3-d6c9-4aaf-92bc-508d39629030,twins.car,available,1999.99,2199,high,medium,5,namesilo,,,25/09/2026 06:26
84b5c80e-4130-4419-a35e-71ff2c775f27,clement.car,available,1999.99,2199,high,low,7,namesilo,,,12/08/2026 10:42
7edbc288-28d8-4248-8b6a-47cf2b92658b,flirting.car,available,1999.99,2199,high,low,8,namesilo,,,29/09/2026 06:25
870d284f-7959-4709-b6d0-124db5cabb95,analyze.car,available,1863.2,2064.2,high,low,7,spaceship,,,30/09/2026 12:13
d4eec0ae-09cf-412c-963e-dbcfe0becf0a,unmediated.car,available,1999.99,2199,medium,low,10,namesilo,,,12/09/2026 15:32
34cca6fe-b947-47ed-88b4-32cdd8769d4d,unhealed.car,available,1999.99,2199,medium,low,8,namesilo,,,12/09/2026 12:08
7f8231f1-3581-4156-94a5-5ff103c1edf5,moneron.car,available,1999.99,2199,medium,low,7,namesilo,,,25/08/2026 04:30
11ff0ac2-5b44-497b-bec0-e6f2e81b9af3,projecting.car,available,1999.99,2199,high,low,10,namesilo,,,22/08/2026 14:48
47bffbb5-b17c-4f98-9c21-3edd0f3c2130,welcomed.car,available,1999.99,2199,high,low,8,namesilo,,,29/09/2026 08:42
2922c793-f883-4776-b4a7-2883fb78543e,bridge.car,available,1863.2,2064.2,high,medium,6,spaceship,,,29/09/2026 04:05
4c4e9c88-366f-4831-b85b-5b948dec8697,custody.car,available,2070,2400,high,low,7,namecheap,,,24/09/2026 20:41
d78b4efe-38c0-488e-8942-13363abf1151,ogden.car,available,1999.99,2199,medium,low,5,namesilo,,,25/09/2026 03:51
f53c21b4-f3c5-433a-9a2f-dd4fdd29c95a,hemal.car,available,2070,2400,medium,low,5,namecheap,,,20/08/2026 21:41
09ab97f6-e4a8-4b21-b8cd-2e1325eae13e,positron.car,available,2999.99,3799.99,high,low,8,name.com,,,19/09/2026 14:21
ecf9f9b9-d99c-4a55-a354-7c7aa3bf769a,agreeably.car,available,2070,2400,medium,low,9,namecheap,,,13/09/2026 18:22
bb1c1308-3e83-483e-aaba-6eccf647bf3f,yet.car,available,2060.25,2060.25,high,low,3,porkbun,,,28/09/2026 11:53
c104c56e-83a5-4c1d-ad8a-190da5fde31b,iata.car,available,2060.25,2060.25,medium,low,4,porkbun,,,30/09/2026 20:51
d0b8efa3-4f51-474e-99e0-0c89643e5261,walt.car,available,1999.99,2199,high,low,4,namesilo,,,25/09/2026 12:09
cbf4f8b7-7e08-438b-a805-cce78df28fa6,bees.car,available,2070,2400,high,low,4,namecheap,,,18/09/2026 21:40
1e8c2818-d912-4cbb-8dc9-55b26410beed,execute.car,available,1863.2,2064.2,high,low,7,spaceship,,,27/09/2026 16:26
edfeb7cd-059a-40de-ba04-f086181fff95,eia.car,available,1999.99,2199,high,low,3,namesilo,,,29/09/2026 21:53
3fd7bd90-d5a4-4991-80be-13b169f80922,annelida.car,available,1999.99,2199,medium,low,8,namesilo,,,19/09/2026 10:23
35b72b4a-9925-4f19-8666-ff8d4dd64e24,experimentation.car,available,1999.99,2199,high,low,15,namesilo,,,30/09/2026 13:40
d6d3e6bc-246d-483a-86b1-d28f019e114f,pharmacy.car,available,2060.25,2060.25,high,low,8,porkbun,,,28/09/2026 21:46
08af74c0-f2c6-4bf5-b7b3-a2b2e03cc7fc,nasdaq.car,available,2140.22,2140.22,high,low,6,dynadot,,,28/09/2026 02:27
4da4d745-0a22-4724-ba4b-1a0b2ab8487b,explosives.car,available,2070,2400,medium,low,10,namecheap,,,28/09/2026 04:36
928876af-651d-443b-8406-8268c5b9b093,sunflower.car,available,2140.22,2140.22,high,low,9,dynadot,,,30/09/2026 10:06
eceed0ed-593c-435e-9e27-e4944667865e,reptilian.car,available,1999.99,2199,medium,low,9,namesilo,,,09/09/2026 14:40
ce045257-7432-4df0-ba0e-f695c6b1af33,favorable.car,available,2070,2400,high,low,9,namecheap,,,24/09/2026 17:21
bb5b7610-6669-45ec-bfc1-4730c78a31ab,hawks.car,available,1999.99,2199,medium,low,5,namesilo,,,28/09/2026 22:17
e43efe25-de2a-47db-b260-87faa3af7a29,sharpe.car,available,1999.99,2199,medium,low,6,namesilo,,,26/09/2026 03:16
f8b7dd51-9b93-43e8-ad47-08c840184088,dba.car,available,2519.99,3999.99,high,low,3,godaddy,,,30/09/2026 01:16
dce75c07-c7be-47db-a037-83c17aad1ad0,injection.car,available,1999.99,2199,high,low,9,namesilo,,,28/09/2026 06:02
ce0dc66f-f987-4bc4-a93e-a3ee4ae373b7,beard.car,available,2070,2400,high,low,5,namecheap,,,22/09/2026 21:01
e97c47a5-9438-43cc-a684-656e181d5a72,marysville.car,available,1863.2,2064.2,medium,low,10,spaceship,,,30/09/2026 05:38
abc5dc61-fec7-4903-af53-4e90b0fbf8a5,bedevil.car,available,2070,2400,medium,low,7,namecheap,,,14/08/2026 21:15
fc5cb4ff-2fe5-411f-8b31-6fa0d1ee7950,resemblance.car,available,1999.99,2199,high,low,11,namesilo,,,
b7d0d52b-4e98-4f60-96bb-210a3879861e,methionine.car,available,1863.2,2064.2,medium,low,10,spaceship,,,30/09/2026 02:16
80aa987b-e344-46a4-bc34-4d3a582305bf,approved.car,available,1999.99,2199,high,low,8,namesilo,,,06/08/2026 09:20
5462cfe0-7870-406a-a787-e97b5496d7fc,sears.car,available,1863.2,2064.2,high,low,5,spaceship,,,29/09/2026 04:28
b68a1f8c-113a-488b-9025-b58db54b3e61,alternate.car,available,1999.99,2199,high,low,9,namesilo,,,22/09/2026 02:29
52b995c3-3193-43b5-afd6-a2c272a8bbbb,bolster.car,available,1999.99,2199,medium,low,7,namesilo,,,29/09/2026 03:17
e8c1c493-5ab1-4680-b1b4-35c0a369e26b,augustine.car,available,2070,2400,high,low,9,namecheap,,,21/09/2026 04:01
e4756473-eed6-41fe-9f95-c28155a5ad59,wendell.car,available,1863.2,2064.2,medium,low,7,spaceship,,,27/09/2026 20:17
c20d6329-0e64-4cbd-b31d-c823564428e5,alonzo.car,available,1863.2,2064.2,medium,low,6,spaceship,,,28/09/2026 17:51
8587b5ed-aa88-493a-8333-74fa63df6f41,disjointed.car,available,1999.99,2199,medium,low,10,namesilo,,,14/08/2026 11:16
f926a0d6-ce20-4686-981e-d57a44246fae,acme.car,available,1999.99,2199,high,medium,4,namesilo,,,24/08/2026 20:47
571ce0a4-a8d8-4a3d-90b2-2f6609ebb137,judea.car,available,1863.2,2064.2,medium,low,5,spaceship,,,29/09/2026 07:23
c99ee750-9c63-4fcc-8233-d2d59ded7a38,quivering.car,available,2070,2400,medium,low,9,namecheap,,,11/09/2026 19:15
6f8ecfaf-44e2-4031-8f2d-c12fa539b298,thoroughly.car,available,1999.99,2199,medium,low,10,namesilo,,,14/09/2026 17:01
b26b7e5d-3edb-4e57-8b0f-57059607676c,allusive.car,available,1999.99,2199,medium,low,8,namesilo,,,
4a323ff6-3e75-4729-9515-9fa144aa7105,parris.car,available,2140.22,2140.22,medium,low,6,dynadot,,,30/09/2026 20:35
a2ead4c8-853a-401c-9a59-0727a2c9408f,turtledove.car,available,1999.99,2199,medium,low,10,namesilo,,,21/09/2026 04:53
ef04dce5-6de4-469d-88f2-9776a537f7b0,casper.car,available,1863.2,2064.2,high,low,6,spaceship,,,29/09/2026 18:15
aa521d78-3c24-404c-9449-d55ec4882aa4,similarities.car,available,1999.99,2199,medium,low,12,namesilo,,,30/09/2026 06:01
e5104185-da7b-4d23-a308-7a9e681712df,adjusting.car,available,1999.99,2199,high,low,9,namesilo,,,29/09/2026 14:33
160c87ed-b901-49f3-9553-56195a31820c,watt.car,available,1999.99,2199,high,low,4,namesilo,,,30/09/2026 00:36
d87ff818-a2ac-4dfa-b4e6-a309ce96b7e9,rockford.car,available,1999.99,2199,high,low,8,namesilo,,,27/09/2026 15:41
77275a49-cc28-476a-943d-11787d453b6a,weirdly.car,available,1999.99,2199,medium,low,7,namesilo,,,16/09/2026 11:23
1c2e7b0f-c9b2-428c-8ae7-9a868cf784ae,cupping.car,available,2999.99,3799.99,high,low,7,name.com,,,24/09/2026 20:18
35c6c33f-e7a8-44dc-bc12-94f63d92fd9b,boston.car,available,2070,2400,high,low,6,namecheap,,,29/09/2026 01:41
de5e57dc-56fb-4f99-a62f-b04b3b1a1342,entertainment.car,available,1999.99,2199,high,low,13,namesilo,,,30/09/2026 13:33
be6da05a-e993-43cc-ad6f-214dd5835112,cowpea.car,available,1999.99,2199,medium,low,6,namesilo,,,23/09/2026 23:43
6a1f21cb-5d70-4d74-9275-fe1cc6352347,birdie.car,available,2070,2400,high,low,6,namecheap,,,23/09/2026 20:41
15b2b536-0f31-43da-8ddb-c45e764a7b81,osman.car,available,1999.99,2199,medium,low,5,namesilo,,,28/09/2026 22:06
64995ffc-a6bb-4b49-ae29-11eaddc0550b,potbellied.car,available,1999.99,2199,medium,low,10,namesilo,,,
b88f1ddb-6150-4a79-a571-1986564e7491,bagel.car,available,1999.99,2199,high,low,5,namesilo,,,29/09/2026 00:27
a8f2ac73-3b88-4e5e-b090-b1cb65c04872,ported.car,available,2070,2400,high,low,6,namecheap,,,20/09/2026 15:39
826e089c-21b9-4398-aa95-9b609c79816f,stricken.car,available,1999.99,2199,high,low,8,namesilo,,,
8c616179-d648-4157-963c-ff730b6db1ec,organised.car,available,1999.99,2199,high,low,9,namesilo,,,26/09/2026 00:28
645ea3d3-557f-4427-9239-2dfe1516f938,bosnian.car,available,2070,2400,high,low,7,namecheap,,,10/08/2026 20:21
a7b21e82-c6be-436b-b4c0-e3dc33ea20cb,cilicia.car,available,1863.2,2064.2,medium,low,7,spaceship,,,30/09/2026 13:19
33c5b9ed-6ee8-46da-ba85-79fd422fb940,hobble.car,available,1999.99,2199,medium,low,6,namesilo,,,23/08/2026 13:26
9b8a04af-84ee-48b7-9093-4bd98deb5538,saline.car,available,2070,2400,high,medium,6,namecheap,,,09/09/2026 20:54
e1176283-0392-4329-b6e3-041435fdd9aa,ballade.car,available,1999.99,2199,medium,low,7,namesilo,,,21/09/2026 22:41
d85784de-6e45-4db5-bf17-7f5329264ef0,imbalance.car,available,1999.99,2199,medium,low,9,namesilo,,,20/09/2026 18:40
79df2ca3-f51c-4688-bc92-f6ac578b712a,graft.car,available,2070,2400,high,low,5,namecheap,,,24/09/2026 10:15
c3369b54-cdbc-420d-a53a-4a5d1f4d9611,confetti.car,available,1999.99,2199,high,low,8,namesilo,,,29/09/2026 10:53
653dbf3a-5111-42f5-89b9-972dfe1dda0e,wong.car,available,1999.99,2199,medium,low,4,namesilo,,,26/09/2026 03:13
dead2e5e-eba9-4482-b932-79d651a307c7,forks.car,available,1863.2,2064.2,medium,low,5,spaceship,,,29/09/2026 05:49
bcfa8773-e9dc-4bba-92da-45137d958ba6,analgesic.car,available,1999.99,2199,medium,low,9,namesilo,,,
20fcffff-68ef-4963-ab2d-795d9b3a08a1,angelus.car,available,1999.99,2199,high,low,7,namesilo,,,19/09/2026 06:03
e51a4cb8-6fa7-4a84-988f-bcae0e0f189d,admissible.car,available,1999.99,2199,high,low,10,namesilo,,,
13e78ea0-aeaa-4cb3-90e4-ebeaa1a8ec79,biosafety.car,available,2070,2400,high,low,9,namecheap,,,23/09/2026 18:56
e965dc47-c73f-4fa6-965a-2f0d477953ff,ofc.car,available,1863.2,2064.2,medium,low,3,spaceship,,,29/09/2026 03:35
5081a79e-58d1-4d0e-bdb6-78601ca5e777,rca.car,available,1999.99,2199,high,medium,3,namesilo,,,25/09/2026 14:08
dde00e8e-97ff-4c94-a4da-00d7ae9683d0,liking.car,available,1999.99,2199,high,low,6,namesilo,,,28/09/2026 06:09
0f5fe4db-30d7-402d-8d54-1a4d1721f516,freaks.car,available,1863.2,2064.2,medium,low,6,spaceship,,,30/09/2026 00:34
440670ae-0778-4bc2-ae06-15b722bc2717,supersize.car,available,1999.99,2199,high,low,9,namesilo,,,
7f2d308b-ca64-46c1-9b97-67349661f902,analyzing.car,available,1999.99,2199,medium,low,9,namesilo,,,29/09/2026 10:50
0cb4f6e4-3b38-45b0-88fd-738f0efd0634,nigra.car,available,1999.99,2199,medium,low,5,namesilo,,,30/09/2026 02:04
e4b391b2-9172-4612-b6f3-ad3676962fcf,utility.car,available,1999.99,2199,high,low,7,namesilo,,,19/09/2026 06:04
a25a5960-1be5-45da-97c1-5a8f18e1f456,obtaining.car,available,2140.22,2140.22,low,low,9,dynadot,,,30/09/2026 23:25
ed5cd94f-a474-4185-ad4b-ca33a16a9a4d,alfalfa.car,available,1999.99,2199,high,low,7,namesilo,,,18/09/2026 06:07
8e06ff12-b395-4fd3-86bc-36c0fde5fd05,concert.car,available,2070,2400,high,low,7,namecheap,,,30/09/2026 13:35
c45cb3d5-8a19-4489-be55-fbea1ce249d0,painful.car,available,1999.99,2199,high,low,7,namesilo,,,
57c6f22f-970b-4fa3-bbcf-6ebe8e8a7431,pha.car,available,2070,2400,medium,low,3,namecheap,,,29/09/2026 21:39
26015089-d486-4988-8a85-7f016ee598eb,gin.car,available,2070,2400,high,low,3,namecheap,,,24/09/2026 18:31
697b35ac-6a71-4746-8089-c5ec6680e53b,citric.car,available,1999.99,2199,medium,low,6,namesilo,,,12/08/2026 08:54
fa89da3a-d6e6-456f-bb34-a9ad884d1cb7,jacket.car,available,1999.99,2199,high,low,6,namesilo,,,29/09/2026 12:13
da51daac-a3a3-4ff2-83c6-7a17acdc6d85,dday.car,available,1999.99,2199,high,low,5,namesilo,,,16/09/2026 12:39
8267fe6d-0042-4dc3-a8d5-c6812d84e8ca,dss.car,available,1999.99,2199,high,medium,3,namesilo,,,30/09/2026 13:05
b9bb8760-9721-4e94-bf96-def826076b7e,gained.car,available,1863.2,2064.2,medium,low,6,spaceship,,,28/09/2026 08:35
dec828e3-53ed-48a2-9b45-4f7b9571f109,delusory.car,available,2070,2400,low,low,8,namecheap,,,13/08/2026 21:18
2db67a74-8f64-4479-a573-846c97ade00a,smirks.car,available,2070,2400,low,low,6,namecheap,,,20/09/2026 14:28
5b120e81-a138-4b9c-9100-b3432c593c39,machinery.car,available,2060.25,2060.25,high,low,9,porkbun,,,01/10/2026 03:43
28c517c3-5256-46d8-8423-c82cf04cf106,hunt.car,available,2070,2400,high,medium,4,namecheap,,,25/09/2026 23:08
5bec5fae-50f9-43f0-a67c-bf8ee68c7a2f,strung.car,available,1999.99,2199,medium,low,6,namesilo,,,10/09/2026 22:54
75ac8601-7500-4290-8a92-e4e07a0dfa7f,acanthion.car,available,2070,2400,medium,low,9,namecheap,,,16/09/2026 20:39
eaa1194f-2482-434f-ac09-db2e6afbfd8b,careful.car,available,1999.99,2199,high,low,7,namesilo,,,23/09/2026 12:50
2230ba80-c4b8-48bb-8738-8de755459e97,passport.car,available,2070,2400,high,low,8,namecheap,,,27/09/2026 04:57
209dd32f-ce03-4fa0-a213-f4bead5a4ff1,vivacious.car,available,1999.99,2199,high,low,9,namesilo,,,13/09/2026 05:07
d8c9accb-e1ad-4894-9565-5a32c3e30686,sanity.car,available,1999.99,2199,high,low,6,namesilo,,,29/09/2026 13:55
e191f3e9-84f8-4fe5-8fc0-317c1d8d6fc5,trio.car,available,1999.99,2199,high,low,4,namesilo,,,21/09/2026 13:05
e69ad663-f6f4-456a-985f-97fbdd99bb7b,sweet.car,available,1863.2,2064.2,high,low,5,spaceship,,,30/09/2026 21:35
c164fdd8-929f-421c-a9c2-b87868786496,epa.car,available,1999.99,2199,high,low,3,namesilo,,,30/09/2026 17:12
23e99e52-0e1a-4b1c-be50-6f0bf67c5c51,recessive.car,available,1999.99,2199,medium,low,9,namesilo,,,09/09/2026 11:25
43f9fc2a-c28c-4cac-b946-b853bfb131fe,broadband.car,available,1999.99,2199,high,low,9,namesilo,,,30/09/2026 09:42
95fb2927-84db-4b6c-bece-32be500543f0,riyadh.car,available,2140.22,2140.22,high,low,6,dynadot,,,29/09/2026 06:50
c64636d9-45d5-4de1-baa4-6096d712db55,violently.car,available,1999.99,2199,medium,low,9,namesilo,,,16/09/2026 11:00
415adf2b-cbd1-4639-a3d8-c1bbfbbc9a16,balas.car,available,2070,2400,medium,low,5,namecheap,,,21/09/2026 21:07
bacecae8-56d3-47cb-a5cd-1a1ad203ffa8,despite.car,available,1863.2,2064.2,high,low,7,spaceship,,,29/09/2026 11:22
c3a8a29a-4212-43e6-819e-06dc3a6aa101,captive.car,available,1999.99,2199,high,low,7,namesilo,,,
e111dcbd-48c6-4581-92c7-b001f5f10310,normalization.car,available,1999.99,2199,medium,low,13,namesilo,,,29/09/2026 09:26
74a465e7-9fc0-4cb5-87fd-f6fd729adbec,degraded.car,available,2999.99,3799.99,medium,low,8,name.com,,,13/08/2026 20:17
7a2e9bac-1c13-4008-91b0-fdbf209b4a32,plot.car,available,1999.99,2199,high,low,4,namesilo,,,24/09/2026 22:09
0d40037f-855d-4bde-859e-8e1658ef59f1,brookhaven.car,available,1863.2,2064.2,medium,low,10,spaceship,,,29/09/2026 15:45
2e09c1c8-73ad-44e7-871a-72f02da592af,parkway.car,available,1999.99,2199,high,low,7,namesilo,,,30/09/2026 10:48
8483ac01-1f12-4afe-9540-24d3da79df97,expectable.car,available,2070,2400,medium,low,10,namecheap,,,17/08/2026 18:02
41e2085c-fd3b-4daf-b936-21b45e4d9cfd,jamison.car,available,2060.25,2060.25,high,low,7,porkbun,,,29/09/2026 19:25
e0a480d8-6604-4c2a-b1a3-4030950309f6,houston.car,available,2070,2400,high,low,7,namecheap,,,27/09/2026 04:28
86331de9-b96e-4e45-946a-ab8ed21d999c,analphabet.car,available,1999.99,2199,medium,low,10,namesilo,,,
886c8194-23aa-468a-8b57-2b1d9b6a9489,consciousness.car,available,2140.22,2140.22,medium,low,13,dynadot,,,28/09/2026 08:13
415df77a-77d6-4472-954b-cb6df23a34f5,brigand.car,available,2070,2400,medium,low,7,namecheap,,,22/09/2026 01:20
1558ac19-eafb-45fd-aa3d-d0525739a076,bankbook.car,available,1999.99,2199,high,low,8,namesilo,,,22/09/2026 02:44
78d92caa-c7b8-4160-9959-dcdfbb1eefab,billiard.car,available,2070,2400,high,low,8,namecheap,,,09/08/2026 21:25
80608c4c-6646-4872-8680-3d6dddcff4d4,meals.car,available,2070,2400,high,low,5,namecheap,,,18/09/2026 16:02
82989fd6-7861-4634-ab90-a056fe9aadea,dashboard.car,available,1999.99,2199,high,medium,9,namesilo,,,30/09/2026 16:56
f0113ebf-3772-4c71-b7d8-ef1bbca0e2ef,metamorphism.car,available,1999.99,2199,medium,low,12,namesilo,,,30/09/2026 23:25
d2db9b7e-849e-43b1-a103-0c6228e6ef51,stative.car,available,2070,2400,medium,low,7,namecheap,,,10/09/2026 19:14
4e97f8f3-a8aa-468d-a61f-60e773f28a2e,wallpaper.car,available,1863.2,2064.2,high,low,9,spaceship,,,29/09/2026 08:18
5a609907-87cf-44fd-8a24-cea8f0c599fb,breeding.car,available,1999.99,2199,high,low,8,namesilo,,,11/08/2026 03:36
28d28e45-ab01-44aa-9c6c-51684f2fadf4,settle.car,available,2070,2400,high,low,6,namecheap,,,25/09/2026 10:17
4876aff3-de99-439e-99ef-3b84bdfa0d71,brightest.car,available,1863.2,2064.2,medium,low,9,spaceship,,,30/09/2026 06:56
960e060b-8ee6-4a91-83f7-f5291284a266,tablespoons.car,available,2070,2400,medium,low,11,namecheap,,,20/09/2026 10:16
165b7236-bbe5-4086-ba24-6cfe9cd8ef2e,publications.car,available,2070,2400,medium,low,12,namecheap,,,30/09/2026 15:38
41062376-227b-404c-aaa2-898b74c96f00,breasts.car,available,2400,,medium,low,7,namecheap,,,
3b21c083-1bac-4ca6-b2a1-f10750eb0016,platter.car,available,1863.2,2064.2,high,low,7,spaceship,,,29/09/2026 15:14
760176b4-0bd7-4a7b-a03f-cc8614c4360d,sword.car,available,2070,2400,high,low,5,namecheap,,,25/09/2026 10:46
9118ee77-b6a8-44d9-853e-2e96cffd1dd9,crosswise.car,available,1999.99,2199,medium,low,9,namesilo,,,13/08/2026 08:23
21e53587-a457-4b8d-9ca4-ecc1cf06ed85,unfaithful.car,available,2070,2400,medium,low,10,namecheap,,,17/08/2026 21:18
41f7eda2-657a-4a26-99c2-280f6cd3e368,extremity.car,available,2070,2400,medium,low,9,namecheap,,,19/09/2026 20:32
77078bd3-ae4c-4d90-8f41-b12a0b0b6bcc,afternoon.car,available,1863.2,2064.2,high,low,9,spaceship,,,28/09/2026 19:25
b6da0348-46e6-4039-9261-f2c5447eed00,scag.car,available,1999.99,2199,medium,low,4,namesilo,,,23/09/2026 14:40
84a8ef91-f3f0-41ca-813c-bea4e9bd25c2,ladylike.car,available,1999.99,2199,high,low,8,namesilo,,,22/08/2026 18:38
5e2ad934-d94e-48ba-8848-12bcbce77876,lincolnshire.car,available,1999.99,2199,medium,low,12,namesilo,,,28/09/2026 11:48
a182b049-033a-4dfc-a232-cc83b00ca76a,damp.car,available,2999.99,3799.99,medium,low,4,name.com,,,13/08/2026 16:39
a4334942-3c87-4bb8-ab22-68a535f0a520,hunter.car,available,1999.99,2199,high,medium,6,namesilo,,,27/09/2026 04:29
cb917eab-13f0-4dd2-9dec-36d6c5469339,cloven.car,available,1999.99,2199,medium,low,6,namesilo,,,10/08/2026 06:51
a25dfc30-f948-46ed-a9a7-9348984f2b89,carpus.car,available,1999.99,2199,medium,low,6,namesilo,,,20/09/2026 11:32
51e27088-8e19-4dcd-bdf8-f550b0072dce,azygos.car,available,1999.99,2199,medium,low,6,namesilo,,,08/08/2026 03:32
1b7eb188-347c-406d-b5c4-3151f981d57b,heap.car,available,1999.99,2199,high,low,4,namesilo,,,25/08/2026 00:28
256c5805-1f46-477e-be6a-8e7700c7de96,alimentary.car,available,1999.99,2199,medium,low,10,namesilo,,,
8e5bab8f-4f8c-44e3-a1c4-0fa413ebec54,bardeen.car,available,1999.99,2199,high,low,7,namesilo,,,22/09/2026 05:16
d24203e8-c686-458d-a623-8da3d8a6b955,analyzable.car,available,1999.99,2199,medium,low,10,namesilo,,,
221f6ef4-1390-4c0d-8d84-a4f9b85fb641,deadlocked.car,available,2999.99,3799.99,medium,low,10,name.com,,,13/08/2026 19:27
545e7219-9de5-4070-b615-ac6de983507b,impute.car,available,2070,2400,medium,low,6,namecheap,,,21/09/2026 02:18
6a4eaf40-c7d7-473a-8cdc-a44026eb49ec,beastly.car,available,1999.99,2199,medium,low,7,namesilo,,,09/08/2026 04:54
5060f0fd-f9bb-4f0b-85c4-b2a713ed5f7d,berks.car,available,1863.2,2064.2,medium,low,5,spaceship,,,29/09/2026 15:22
007ece25-91d4-4367-9a9e-108d942014d9,botched.car,available,2070,2400,medium,low,7,namecheap,,,10/08/2026 20:51
ae0dc6d8-b54a-47e6-a242-59e0f16215c5,sunnyside.car,available,1999.99,2199,high,low,9,namesilo,,,30/09/2026 14:04
487c74e8-e147-4392-a84d-8ce414ea8044,nonu.car,available,1999.99,2199,medium,low,5,namesilo,,,03/09/2026 18:37
08b3e166-de3a-456e-8d3a-03ca5df1caa1,exoteric.car,available,1999.99,2199,medium,low,8,namesilo,,,17/08/2026 17:44
1675b78e-aca9-4229-a443-91e95a589324,ingenious.car,available,1999.99,2199,high,low,9,namesilo,,,22/08/2026 04:52
4c24a159-a3f7-4fe0-a7b5-b7989673c709,heretofore.car,available,1999.99,2199,medium,low,10,namesilo,,,13/09/2026 21:50
f60e6fcd-392a-4d64-9ff0-97bde4b90501,athene.car,available,2070,2400,high,low,6,namecheap,,,20/09/2026 20:37
ee161c28-1830-4ab3-a3e0-068d6bc34266,unspaced.car,available,2070,2400,low,low,8,namecheap,,,12/09/2026 20:24
5f9440ee-cf54-472b-9577-69932d8ed2be,situated.car,available,1999.99,2199,medium,low,8,namesilo,,,25/09/2026 14:16
7eb2dd27-5b65-4667-aabb-80957f1ed748,adaxial.car,available,1999.99,2199,medium,low,7,namesilo,,,
e2d71c96-180c-403c-8804-9cf068706e9a,skipjack.car,available,2070,2400,medium,low,8,namecheap,,,20/09/2026 21:35
d5a8ee3f-0a64-4341-96ef-c481e8b2a0da,societal.car,available,1999.99,2199,high,medium,8,namesilo,,,10/09/2026 13:11
8feb2021-cd85-4c6f-9c0b-d211f93edfd4,desire.car,available,2070,2400,high,low,6,namecheap,,,19/09/2026 18:10
9702b1bf-1431-4ed1-971e-45df4d30c027,idiom.car,available,1863.2,2064.2,high,low,5,spaceship,,,28/09/2026 22:21
ab8691c7-bb38-4c26-b76b-0ab9ea75fa55,fiesta.car,available,1863.2,2064.2,high,low,6,spaceship,,,01/10/2026 02:03
7788439d-1720-47c2-b8fa-dd64f8e0e689,veridical.car,available,1999.99,2199,high,low,9,namesilo,,,13/09/2026 02:24
598f6444-3315-4583-a076-3dafa997fd22,preciously.car,available,1999.99,2199,high,medium,10,namesilo,,,09/09/2026 01:14
9e52e347-65ed-433d-a901-9cc2b3db501a,eventual.car,available,1863.2,2064.2,high,low,8,spaceship,,,30/09/2026 14:31
ef0f2503-9f0c-4228-9a51-a3019f268ac4,objective.car,available,1999.99,2199,high,low,9,namesilo,,,03/09/2026 20:47
1adacd21-b92d-4f79-a278-94cb2a6b24c0,helen.car,available,2070,2400,high,low,5,namecheap,,,25/09/2026 07:10
096b7279-a739-49ab-914e-8e4b70a3131b,undeclared.car,available,1999.99,2199,medium,low,10,namesilo,,,12/09/2026 07:06
1adae664-66c9-4f95-9e71-5a0e152c379a,elise.car,available,1999.99,2199,medium,low,5,namesilo,,,28/09/2026 21:52
6fef7fa1-2632-421f-b17b-c358b18d8b48,asper.car,available,1999.99,2199,high,low,5,namesilo,,,20/09/2026 14:47
9a1f78bb-c2f1-4947-842c-5b68260d418a,tabu.car,available,1999.99,2199,high,low,4,namesilo,,,18/08/2026 11:04
e9cfd9db-3ee9-49ca-ae26-d86406d640c6,hwy.car,available,1999.99,2199,high,low,3,namesilo,,,29/09/2026 05:03
fb3dd973-25f6-4a5c-8911-9dd33db575e4,eye.car,available,1999.99,2199,high,low,3,namesilo,,,23/09/2026 13:32
4935d144-6841-486f-92a0-cf35c2adb951,mongolian.car,available,1999.99,2199,high,low,9,namesilo,,,25/08/2026 04:47
6b4e2100-6790-4d91-a980-2b35f7ca4fae,mcdonnell.car,available,1999.99,2199,medium,low,9,namesilo,,,27/09/2026 02:55
8c9e5b7a-8148-4f5b-ac02-99a2c857dab9,indorse.car,available,1999.99,2199,medium,low,7,namesilo,,,08/08/2026 05:17
c6f20c2d-0b6a-410d-a6a2-e9eaa2e34c73,bum.car,available,1999.99,2199,medium,low,3,namesilo,,,09/08/2026 10:49
32d5cf66-de2f-4302-9e77-bc2a5b83bba3,acropora.car,available,1999.99,2199,medium,low,8,namesilo,,,17/09/2026 03:57
7d460f6b-5048-425e-b396-889dac353e42,smc.car,available,1863.2,2064.2,high,low,3,spaceship,,,30/09/2026 21:13
5d2353f9-629a-482f-a983-020ace8dcc3b,emmett.car,available,2070,2400,medium,low,6,namecheap,,,28/09/2026 08:01
fee86221-b30c-4854-aced-e55c7e086c91,alabaman.car,available,1999.99,2199,medium,low,8,namesilo,,,18/09/2026 01:35
ab52a7f4-a9f4-4ff8-846b-214d39d4194e,weirdness.car,available,1999.99,2199,medium,low,9,namesilo,,,23/09/2026 23:18
d31960b2-af4f-4151-a455-a5661d3b0a0a,carboxyl.car,available,1999.99,2199,medium,low,8,namesilo,,,11/08/2026 18:44
5e7f386e-bc6c-413a-bb27-b1de2fca92d5,bedlam.car,available,1999.99,2199,medium,low,6,namesilo,,,22/09/2026 23:22
86fb2c97-33e4-4a57-8179-1ad8fe6c37bb,orangish.car,available,1999.99,2199,medium,low,8,namesilo,,,04/09/2026 17:26
dc3205bf-5e8a-4eba-afa2-278f8aef9d8f,nodular.car,available,2070,2400,medium,low,7,namecheap,,,03/09/2026 18:06
478ad512-44fc-4558-bd47-75d9556b870a,transporting.car,available,2140.22,2140.22,high,low,12,dynadot,,,29/09/2026 14:43
40ed99cf-3930-472a-ab37-74c1989289c6,dreamless.car,available,1999.99,2199,medium,low,9,namesilo,,,14/08/2026 18:43
d5fa16cc-5ac3-456e-a64a-c1c504ce9765,shoplift.car,available,1863.2,2064.2,medium,low,8,spaceship,,,30/09/2026 21:24
43b1acd7-0e0e-46c0-a041-d225069a8610,cucumber.car,available,2070,2400,high,low,8,namecheap,,,29/09/2026 12:58
6473becb-949e-4f45-9180-9b5593daeef0,strangle.car,available,2070,2400,medium,low,8,namecheap,,,30/09/2026 17:32
0bfd06b0-b4fd-4ac6-9633-337763c9b4b8,indirectly.car,available,1999.99,2199,medium,low,10,namesilo,,,15/09/2026 07:58
7062f461-0979-4219-a7e7-831430ae63c6,psychologist.car,available,2060.25,2060.25,high,low,12,porkbun,,,01/10/2026 00:51
37e8f152-c7e0-4be0-b8f6-78abe026454b,maude.car,available,1999.99,2199,medium,low,5,namesilo,,,28/09/2026 12:05
e2d49b27-1fcb-410c-9d7e-f3b7f00681df,mindanao.car,available,1863.2,2064.2,medium,low,8,spaceship,,,28/09/2026 10:28
5d2d1059-f726-45cc-aea6-781e40818022,tipple.car,available,1999.99,2199,medium,low,6,namesilo,,,23/09/2026 12:44
d23b6f5a-17af-4cdb-a3af-fa75d5bd52e2,abbeville.car,available,2060.25,2060.25,medium,low,9,porkbun,,,30/09/2026 20:53
0cb1a8a6-1956-4058-9fe6-4c307084f620,alkalizer.car,available,1999.99,2199,medium,low,9,namesilo,,,
72af3533-6385-46cd-b2a3-811333005dc8,dozy.car,available,2070,2400,medium,low,4,namecheap,,,14/08/2026 18:06
0296e0c3-bbda-4100-b71c-a04e2c442a4a,windsor.car,available,1863.2,2064.2,high,low,7,spaceship,,,29/09/2026 23:04
a9b782c1-5c14-40bf-81ed-34634965ad96,agave.car,available,1999.99,2199,high,low,5,namesilo,,,17/09/2026 16:37
d2331f05-0723-46f1-8e95-5b9c5e5cca54,funded.car,available,2070,2400,high,low,6,namecheap,,,18/08/2026 18:23
c7288e0e-9062-4de0-be5e-85a8b2407cf8,granddad.car,available,2060.25,2060.25,high,low,8,porkbun,,,29/09/2026 21:09
856e18a7-3126-46cc-8843-eb374c09c865,gaur.car,available,1999.99,2199,medium,low,4,namesilo,,,23/09/2026 13:04
87b88dea-4240-4ec9-aadb-249dcdbc750a,terrene.car,available,1999.99,2199,medium,low,7,namesilo,,,11/09/2026 10:41
ca4d17b1-3eff-4cbe-818f-21550bddc4af,metal.car,available,2070,2400,high,low,5,namecheap,,,25/09/2026 19:55
2645f609-3b73-4998-ae47-4f63340a5e83,antiacid.car,available,1999.99,2199,medium,low,8,namesilo,,,22/09/2026 05:47
10f594fd-4edc-4385-8502-80230bd96aec,rewrite.car,available,1999.99,2199,high,low,7,namesilo,,,29/09/2026 13:47
a6ed77f8-e001-4cf6-8e50-3f5ba5f088cb,adhesive.car,available,1999.99,2199,high,low,8,namesilo,,,
56ed8586-60e0-45d7-9f42-18d487dde8ac,handling.car,available,2070,2400,high,low,8,namecheap,,,25/09/2026 23:04
658313de-b387-4faf-a3b6-980ac0fac06e,sims.car,available,2140.22,2140.22,medium,low,4,dynadot,,,29/09/2026 04:07
fc98007f-f90a-46d8-b8f2-337b0b0fbc14,dietrich.car,available,1999.99,2199,high,low,8,namesilo,,,27/09/2026 03:44
df4463d4-3f7e-4250-9e57-dcaf500962a5,brookings.car,available,1863.2,2064.2,medium,low,9,spaceship,,,28/09/2026 16:41
4fc061b2-103c-434a-a25d-7bfc35710be1,legible.car,available,1999.99,2199,high,low,7,namesilo,,,22/08/2026 22:59
4fac3bb7-704c-4b71-ac39-3864d8d9babf,suspense.car,available,1863.2,2064.2,high,low,8,spaceship,,,30/09/2026 12:39
857a3dac-f8bf-46dc-a11a-f618d6e09208,resinlike.car,available,1999.99,2199,medium,low,9,namesilo,,,09/09/2026 15:11
6ccb6582-b3ac-4920-82e3-c5f73f594826,maxine.car,available,1999.99,2199,medium,low,6,namesilo,,,28/09/2026 22:02
ac57aec8-089d-4dfc-8c24-93e2a245a516,saturated.car,available,1999.99,2199,medium,low,9,namesilo,,,09/09/2026 21:53
78a372be-7dc9-4e03-b6c4-7f0009f288bd,aether.car,available,1999.99,2199,high,medium,6,namesilo,,,17/09/2026 13:40
774788a3-a5b2-454d-92c6-b84d99933725,achievements.car,available,2060.25,2060.25,medium,low,12,porkbun,,,30/09/2026 06:58
069c5c49-9492-4e20-8524-b3493dfd8cb9,pitched.car,available,2070,2400,high,medium,7,namecheap,,,08/09/2026 20:03
426ffd98-c281-4c2f-acd8-19c71ec1b634,habited.car,available,2070,2400,medium,low,7,namecheap,,,20/08/2026 21:27
05d4c711-0eb3-43e2-98c1-1a393069383c,pigmented.car,available,1999.99,2199,medium,low,9,namesilo,,,30/09/2026 14:34
82a2b639-6160-4e8d-affe-fbc530030edc,dodgy.car,available,1999.99,2199,medium,low,5,namesilo,,,12/08/2026 01:46
8a58a9e4-28c4-4312-91e8-f9e13a86c052,reality.car,available,1999.99,2199,high,low,7,namesilo,,,26/09/2026 00:09
ac3d741a-0fc1-428c-869a-2df3029bbff2,coins.car,available,1999.99,2199,high,medium,5,namesilo,,,16/09/2026 08:35
27fdda12-823f-46e7-9005-6a79f695176f,vinous.car,available,1999.99,2199,medium,low,6,namesilo,,,13/09/2026 05:47
b357b50a-985f-43ed-b10c-60e2d5e89ff6,felt.car,available,2070,2400,high,low,4,namecheap,,,25/09/2026 18:07
cb111624-a50b-4858-a104-13db7260b328,inventive.car,available,1999.99,2199,high,low,9,namesilo,,,28/09/2026 05:59
4df439bb-3e06-42e3-8018-4453f2c81476,basely.car,available,1999.99,2199,medium,low,6,namesilo,,,13/09/2026 23:35
967d3cf6-c441-4eeb-8458-f6ee4e1ba97b,holden.car,available,1999.99,2199,high,low,6,namesilo,,,28/09/2026 16:09
553b2464-2149-43fa-a19e-41ff76e7bcaf,mealy.car,available,1999.99,2199,medium,low,5,namesilo,,,12/08/2026 14:05
db5467b2-98e7-480b-8e63-5eb593f40607,sunset.car,available,1999.99,2199,high,low,6,namesilo,,,28/09/2026 01:58
6f243af5-960a-4ea1-90ac-1c6fda9a3eb3,descendent.car,available,1999.99,2199,medium,low,10,namesilo,,,14/08/2026 03:16
c844caac-2d4a-4067-879e-f5c043c5cd81,delete.car,available,1999.99,2199,high,low,6,namesilo,,,29/09/2026 14:11
b15bce0a-d8af-4f0a-a65e-3cb2eba37126,chestnut.car,available,1999.99,2199,high,low,8,namesilo,,,23/09/2026 14:04
290cd175-264f-4035-9d24-a9eacf7021b3,insurance.car,available,1863.2,2064.2,high,medium,9,spaceship,,,29/09/2026 23:58
8b3f74fc-2601-4804-aba5-4599e0ea7849,rein.car,available,1863.2,2064.2,high,low,4,spaceship,,,30/09/2026 09:27
e27ddc51-9f9b-45cc-b2ef-fbbc3d5d50f1,dionysius.car,available,1999.99,2199,medium,low,9,namesilo,,,29/09/2026 06:39
5079e260-79d9-40be-9938-eaac1c96c49e,arb.car,available,1999.99,2199,high,low,3,namesilo,,,20/09/2026 00:31
444ed5a2-14dd-4701-8fab-836f6598dab5,icily.car,available,1999.99,2199,low,low,5,namesilo,,,15/09/2026 01:36
ca9211fc-df4b-4de2-a98f-f5109c2ec9af,heartburn.car,available,2070,2400,medium,low,9,namecheap,,,29/09/2026 22:23
611abcda-195d-42de-a5bc-fdaf955a6ec7,coincide.car,available,1999.99,2199,high,low,8,namesilo,,,29/09/2026 14:11
77a12f50-0ed8-4a33-ba74-313aa9ec6371,nonplussed.car,available,1999.99,2199,medium,low,10,namesilo,,,07/08/2026 10:48
8f241a24-ec89-4196-826b-5e8b6d9b6e29,josie.car,available,1999.99,2199,high,low,5,namesilo,,,29/09/2026 21:56
1263a04c-05a6-4255-882c-33dc362b4bd9,woops.car,available,1999.99,2199,medium,low,5,namesilo,,,
49045101-9806-4948-88b7-ce7722a5dff4,harrisburg.car,available,1999.99,2199,medium,low,10,namesilo,,,25/09/2026 22:04
cab41639-0e14-4e35-9d54-04c079be988e,chipper.car,available,1999.99,2199,high,low,7,namesilo,,,12/08/2026 05:56
ce20d3d6-62ce-41e8-8d6e-768a3faa071e,emotionally.car,available,2060.25,2060.25,high,low,11,porkbun,,,27/09/2026 17:53
958a500e-eccf-4c40-86d3-10f5f9b082cc,oliver.car,available,2070,2400,high,low,6,namecheap,,,25/09/2026 08:05
ba047085-5352-4734-8dbe-60de711875e9,outpost.car,available,2060.25,2060.25,high,low,7,porkbun,,,30/09/2026 09:47
e34fd24a-6012-4220-97d1-0a5ab421c656,paper.car,available,1999.99,2199,high,low,5,namesilo,,,30/09/2026 05:39
ab415926-82bb-4386-a30d-bea716bec568,bumbling.car,available,1999.99,2199,medium,low,8,namesilo,,,11/08/2026 09:34
4cac33fa-4dbc-4e7d-8636-5694dfa7ed73,traditions.car,available,1999.99,2199,medium,low,10,namesilo,,,29/09/2026 10:32
99e7e0cd-9cbe-4493-8ba5-04d1a9b1edab,aileron.car,available,2070,2400,medium,low,7,namecheap,,,17/09/2026 21:10
e4111112-8159-449f-a7ad-5c4842ab5248,waltz.car,available,1999.99,2199,high,low,5,namesilo,,,28/09/2026 15:32
d2365638-9d4d-4807-a593-409fa80650cf,aleatory.car,available,1999.99,2199,medium,low,8,namesilo,,,
354d1416-0e1d-4156-8a08-05902b0cb2a9,willy.car,available,2070,2400,medium,low,5,namecheap,,,27/09/2026 06:19
4a81907a-19c8-4e8d-842f-83b9b5195e40,parentally.car,available,2070,2400,medium,low,10,namecheap,,,15/09/2026 18:57
631bb61f-9767-4c06-b3f7-8e26f0a2593c,toetoe.car,available,1999.99,2199,medium,low,6,namesilo,,,20/09/2026 12:22
007b1bea-6380-4d6e-a945-201c3ee8e204,photoshop.car,available,1999.99,2199,high,medium,9,namesilo,,,30/09/2026 03:45
a18bf8b4-e556-4fd2-8052-10c54f9781a4,save.car,available,1863.2,2064.2,high,low,4,spaceship,,,28/09/2026 00:11
3159e690-59ea-4e2d-8749-3fdcdee720c9,hanson.car,available,1999.99,2199,high,low,6,namesilo,,,25/09/2026 13:05
78d06993-12c6-4a9e-9aaa-5487019e4a26,unlit.car,available,1999.99,2199,medium,low,5,namesilo,,,12/09/2026 13:03
4546a58b-2ec2-4702-82c5-9e23ee96e961,stamp.car,available,1999.99,2199,high,low,5,namesilo,,,23/09/2026 01:04
684a0ab5-c055-40c2-9b5f-9b71a133cf6d,busch.car,available,1999.99,2199,medium,low,5,namesilo,,,27/09/2026 03:12
f70bf9f3-d866-4b4b-a51b-f365bf07178d,cold.car,available,1999.99,2199,high,low,4,namesilo,,,23/09/2026 15:03
0a952766-2362-4c63-bbf3-a785db3d0498,blabber.car,available,1999.99,2199,medium,low,7,namesilo,,,23/09/2026 11:33
801435e5-55f7-42e5-b533-b5bfb23aa611,borough.car,available,2519.99,3999.99,medium,low,7,godaddy,,,01/10/2026 01:09
2d8fb103-18e4-4782-9d71-a0e92e0a9dee,mouthfeel.car,available,1999.99,2199,medium,low,10,namesilo,,,
7d964178-bc7a-4dc6-94ca-805d2c390840,grouping.car,available,1863.2,2064.2,high,low,8,spaceship,,,29/09/2026 21:36
af174bcd-da91-48fe-9313-c605181350c2,garfish.car,available,1999.99,2199,medium,low,7,namesilo,,,23/09/2026 16:11
e700684a-1d30-4d7f-b7f0-cab833d13b85,saves.car,available,2060.25,2060.25,medium,low,5,porkbun,,,28/09/2026 09:04
99c2066d-d915-4c9f-a65a-eaefa19a465a,clxxx.car,available,1999.99,2199,medium,low,5,namesilo,,,
60173621-4a2d-4c51-ab2a-d8ad3cb1c334,meekly.car,available,1999.99,2199,medium,low,6,namesilo,,,15/09/2026 01:24
3906c4f2-f4eb-4c43-896a-d659b49c7a3a,shops.car,available,1999.99,2199,high,low,5,namesilo,,,18/09/2026 06:22
4faff720-a805-4b21-a7f2-37e57e212fc6,caltech.car,available,2140.22,2140.22,high,low,7,dynadot,,,30/09/2026 20:50
cba02c94-6fdd-463b-94d4-8c74882aa98a,potential.car,available,1999.99,2199,high,low,9,namesilo,,,27/09/2026 04:46
832f1aad-ba20-4755-ba4e-9740eb188f3a,ankara.car,available,1999.99,2199,high,low,6,namesilo,,,19/09/2026 07:05
dbde620e-dc55-401b-aaba-6e6b5a9dfaad,willard.car,available,2070,2400,medium,low,7,namecheap,,,25/09/2026 05:33
355c10fb-3f43-43a0-aba1-774d81b2d467,anoxia.car,available,2070,2400,medium,low,6,namecheap,,,19/09/2026 11:58
ce90eb0b-1a26-4454-a9e2-6dc9996c961f,implant.car,available,1999.99,2199,high,low,7,namesilo,,,29/09/2026 13:06
165c367b-0f1b-40d4-b0d0-bc0392eb6acd,kiwi.car,available,1999.99,2199,high,high,4,namesilo,,,03/09/2026 16:42
ca1d7651-5d1b-429e-992d-a37d1c8d0751,continuant.car,available,1999.99,2199,medium,low,10,namesilo,,,12/08/2026 23:17
99643833-0ef9-422a-8aa1-2e4be1ce8fed,rightist.car,available,1999.99,2199,medium,low,8,namesilo,,,09/09/2026 17:31
ac235486-379b-43cb-9fa8-1daae60ded84,celebration.car,available,1999.99,2199,high,low,11,namesilo,,,27/09/2026 02:20
8874b173-2c3d-471c-b4ae-f9e054d9a381,revision.car,available,2140.22,2140.22,high,low,8,dynadot,,,29/09/2026 20:11
70fc4962-2129-46a0-a750-cf7a7d7de16f,crinkly.car,available,1999.99,2199,medium,low,7,namesilo,,,13/08/2026 06:51
7d554ab4-dfe5-40cf-968f-e2a133fe13e4,mak.car,available,1999.99,2199,high,low,3,namesilo,,,29/09/2026 13:22
8516bcf1-ba47-4e8e-8a5f-ed5b358bf48c,aloud.car,available,2070,2400,high,low,5,namecheap,,,25/09/2026 14:25
2f4a480f-7003-4b52-aebf-207a6a8bf74c,overhaul.car,available,1863.2,2064.2,high,low,8,spaceship,,,30/09/2026 10:14
65c8057c-2ff0-47b9-a10e-0e54b9992cd7,flatter.car,available,1863.2,2064.2,high,low,7,spaceship,,,29/09/2026 08:22
cd88ad1d-3558-4cdd-9888-903257a46c0e,mmr.car,available,1999.99,2199,high,low,3,namesilo,,,
32246ab7-3d91-480d-ae73-fc0882db8dfa,giraffe.car,available,1863.2,2064.2,high,low,7,spaceship,,,29/09/2026 05:59
d42df2ab-7d52-4f3b-9db1-a4ab8a9c155a,footwear.car,available,1863.2,2064.2,high,low,8,spaceship,,,01/10/2026 03:31
3ac4ae49-5ef5-410c-b4a0-94bf7cc827cf,nose.car,available,1863.2,2064.2,high,low,4,spaceship,,,30/09/2026 05:52
028ef8f8-49ed-408f-8572-07b6958d853b,animistic.car,available,1999.99,2199,medium,low,9,namesilo,,,
120aa34f-23a4-480f-b862-3005f0b776f2,okay.car,available,1999.99,2199,high,low,4,namesilo,,,22/09/2026 01:07
d5dc5e86-db1e-49f1-85d4-ce5dd49c7906,resolution.car,available,2140.22,2140.22,high,low,10,dynadot,,,29/09/2026 19:23
af48c08a-eeb0-48fe-8ab8-44f58596f01e,snowball.car,available,1999.99,2199,high,low,8,namesilo,,,16/09/2026 17:20
f353bb8c-4d11-4479-a066-116416f27e7e,anpu.car,available,2070,2400,medium,low,4,namecheap,,,19/09/2026 11:59
a62baffb-d42b-4adf-9362-d8b8fe633049,respectfully.car,available,1999.99,2199,high,low,12,namesilo,,,
0d6a05fc-5ac3-475b-9147-976dc46167f1,faustian.car,available,1999.99,2199,medium,low,8,namesilo,,,18/08/2026 00:10
d0ce080f-08e8-481d-9ed7-a0f224c22bb2,yum.car,available,1999.99,2199,high,low,3,namesilo,,,01/10/2026 01:03
d8920b4c-3d89-4633-8062-e095bd7073a0,hobbies.car,available,2070,2400,high,low,7,namecheap,,,20/09/2026 22:38
c136a93d-77e2-4e9b-8f4d-2a7a9063ce71,careers.car,available,1863.2,2064.2,high,low,7,spaceship,,,28/09/2026 23:00
25e47905-cf8a-40fd-8dfd-b85d2e684f07,reviewer.car,available,1999.99,2199,high,low,8,namesilo,,,30/09/2026 10:58
52aa0576-66f9-4e5b-b9e1-124c6fb0240e,closing.car,available,1999.99,2199,high,low,7,namesilo,,,08/09/2026 06:59
fe9323a1-3f7f-4cdb-aa6e-fda7006f2d31,reputably.car,available,1999.99,2199,medium,low,9,namesilo,,,15/09/2026 23:17
dfe2dbbb-4469-47ed-9401-428973dbc747,deck.car,available,2060.25,2060.25,high,low,4,porkbun,,,29/09/2026 13:27
1e175932-f855-44c5-a2c0-4ecc8ed823a6,epos.car,available,1999.99,2199,high,low,4,namesilo,,,17/08/2026 10:28
ed53a85d-9304-48f4-922b-187317f7ea31,enlivened.car,available,1999.99,2199,high,low,9,namesilo,,,17/08/2026 09:37
befd16e4-80a1-453a-ab4b-2f71a199a77e,duchess.car,available,1999.99,2199,high,low,7,namesilo,,,29/09/2026 16:59
ac5810dc-1d7d-4fdd-bc54-582997d09a07,privacy.car,available,1999.99,2199,high,medium,7,namesilo,,,24/09/2026 17:03
50ca2e18-66ce-48ae-88b9-5f649ac93163,ordained.car,available,1999.99,2199,medium,low,8,namesilo,,,13/08/2026 22:16
c930d414-f2f6-415b-b56c-0fe4a4f08354,miserly.car,available,1999.99,2199,medium,low,7,namesilo,,,24/08/2026 23:45
d82617d5-a729-46f0-82df-992256c03165,regina.car,available,2060.25,2060.25,high,low,6,porkbun,,,29/09/2026 13:45
875f10bb-de8a-4a24-bfa6-5a9d9c3c9503,principled.car,available,1999.99,2199,high,low,10,namesilo,,,27/09/2026 05:57
96f8f74c-e51a-4ce6-a050-723a81abf551,gip.car,available,1999.99,2199,medium,low,3,namesilo,,,14/09/2026 08:07
4b5af16c-625a-4984-8e28-7f9b6ad36dbd,knightly.car,available,1999.99,2199,high,low,8,namesilo,,,12/08/2026 06:11
3664fd28-27e1-4aec-b30e-3cf630aff43a,caring.car,available,1999.99,2199,high,low,6,namesilo,,,23/09/2026 13:03
2a2da8e2-1662-414a-9eb8-6c6f9ce6ba61,toupeed.car,available,2070,2400,low,low,7,namecheap,,,11/09/2026 18:18
192a8ce7-8386-438f-aef1-6393f563e65d,selection.car,available,1999.99,2199,high,low,9,namesilo,,,28/09/2026 07:48
7cbede82-325b-4103-9dae-dc7707c12596,lamentably.car,available,1999.99,2199,low,low,10,namesilo,,,14/09/2026 11:50
66a083a6-8f48-43ba-ba25-1a0b2aa62b57,multistory.car,available,1999.99,2199,medium,low,10,namesilo,,,03/09/2026 10:56
c7f10c1b-8661-4e90-9405-0da796488667,ste.car,available,1999.99,2199,high,low,3,namesilo,,,27/09/2026 07:49
f602b84a-3eef-42dc-9dc6-7b17650bddc9,attain.car,available,1863.2,2064.2,high,low,6,spaceship,,,30/09/2026 10:56
edebfdea-1d1c-4020-8663-5d480f6d6e05,nullity.car,available,1999.99,2199,medium,low,7,namesilo,,,13/09/2026 06:33
e925e41f-ec5d-4c11-a6bf-6ddf2c5895d4,sally.car,available,1863.2,2064.2,high,low,5,spaceship,,,28/09/2026 20:21
57430599-0249-4e3f-b91b-0ace1d20b17d,romaic.car,available,2070,2400,high,low,6,namecheap,,,09/09/2026 18:25
f41be578-bee5-4008-86cb-2d261bba2f68,decorations.car,available,1999.99,2199,medium,low,11,namesilo,,,28/09/2026 23:03
f0e8138d-8112-4da5-aa2e-0b81fa6e9285,tiro.car,available,1999.99,2199,high,low,4,namesilo,,,23/09/2026 02:28
f5231ba9-a556-4a65-b949-478de185fc4f,chilly.car,available,1999.99,2199,high,low,6,namesilo,,,12/08/2026 05:30
d52dbb17-bc7a-4f76-a61a-01ea5787edf4,diabetes.car,available,1863.2,2064.2,high,low,8,spaceship,,,29/09/2026 14:48
b0a9732b-44e5-4e20-b41a-525cb8402f5d,ergodic.car,available,1999.99,2199,medium,low,7,namesilo,,,17/08/2026 12:09
c9c9bbc4-8820-4510-8f1d-446ce10d82e5,pittsburgh.car,available,1999.99,2199,high,low,10,namesilo,,,30/09/2026 06:55
71c03993-9c99-4af1-b87b-0d4406fec377,gigantic.car,available,1999.99,2199,high,low,8,namesilo,,,18/08/2026 23:29
80a9f767-9cdd-47a1-9ce9-46c2d5c3bb5a,tottenham.car,available,1863.2,2064.2,medium,low,9,spaceship,,,29/09/2026 22:19
c51d0443-c6ae-420c-a8e9-5b17c72afdac,verbosely.car,available,1999.99,2199,medium,low,9,namesilo,,,15/09/2026 12:43
bed416af-99e1-4ad3-afbd-295b84e9429d,nanus.car,available,1999.99,2199,medium,low,5,namesilo,,,24/08/2026 22:32
46aa491a-02bf-4315-b880-4425e0ed4b6e,unlabelled.car,available,1999.99,2199,medium,low,10,namesilo,,,12/09/2026 14:33
d62c006f-ed1d-4c5b-938a-4cb1d11d5f9e,then.car,available,1863.2,2064.2,high,low,4,spaceship,,,28/09/2026 02:27
031389fd-61ce-4869-9441-caa17e031ef0,newbie.car,available,2070,2400,high,low,6,namecheap,,,24/09/2026 19:51
ec3867a6-1deb-4e43-92c3-b47b80c0fed2,falklands.car,available,2140.22,2140.22,medium,low,9,dynadot,,,30/09/2026 14:15
08cb492c-0541-4ad8-bb5b-75e42ce36a82,scenery.car,available,2070,2400,medium,low,7,namecheap,,,28/09/2026 15:20
1d30a71e-2463-4959-b385-953c35e56e40,extreme.car,available,1999.99,2199,high,low,7,namesilo,,,04/09/2026 04:46
9a8f4f0a-a49a-4b85-a1f9-d1de87405f8b,awol.car,available,1999.99,2199,high,low,4,namesilo,,,08/08/2026 01:46
9c6e2cbb-d1e2-4940-bc54-ec7d8c7fcc9c,advice.car,available,1863.2,2064.2,high,low,6,spaceship,,,28/09/2026 19:02
b2dc96de-bde9-4884-a7e0-5dcd38753b26,prison.car,available,2140.22,2140.22,high,low,6,dynadot,,,30/09/2026 07:26
01cff314-8766-4e79-bf93-cb7b1fa72eb3,mash.car,available,1999.99,2199,high,low,4,namesilo,,,29/09/2026 11:35
7c5abb44-bed4-4c24-ab8f-9fe9cdafbc0e,flowing.car,available,1999.99,2199,high,low,7,namesilo,,,18/08/2026 09:11
675c6c6e-6180-44b5-884c-1ddfbaacddeb,reactive.car,available,1999.99,2199,high,low,8,namesilo,,,09/09/2026 10:56
70e8f608-3a1f-4116-a5a8-ab3bd43aa63e,leathery.car,available,1999.99,2199,high,low,8,namesilo,,,13/08/2026 01:13
8431a630-75d4-4f85-87cc-b54b7931d861,adonic.car,available,1999.99,2199,medium,low,6,namesilo,,,
390a7a7d-37e2-41d0-b4a2-a4f0a0a94e6a,feathered.car,available,1999.99,2199,high,low,9,namesilo,,,18/08/2026 00:19
e2c86ca8-e864-4eda-a81f-4879dcff58ca,acknowledged.car,available,2400,,high,low,12,namecheap,,,
0311a948-ef50-42ec-a482-e5afc5a55337,slyness.car,available,1999.99,2199,medium,low,7,namesilo,,,13/08/2026 10:43
31053c47-6d6a-414a-a48a-279f95308cf3,shots.car,available,1999.99,2199,medium,low,5,namesilo,,,20/09/2026 00:10
a8ea9392-a82a-4b63-af46-012dd9e8ea58,arsehole.car,available,1999.99,2199,medium,low,8,namesilo,,,20/09/2026 09:34
9f06cc1c-2081-46e6-b898-0f21dbaaab79,titled.car,available,1999.99,2199,high,low,6,namesilo,,,13/08/2026 01:50
0acf2f8b-5aa8-46dd-8837-999ed81600c9,marriages.car,available,1863.2,2064.2,medium,low,9,spaceship,,,28/09/2026 18:09
dffc2d61-ceac-4f7a-9d7c-579a440523c2,evening.car,available,2070,2400,high,low,7,namecheap,,,24/09/2026 15:27
e31bc740-4594-457b-bfd6-441bbe4775d7,shadow.car,available,1999.99,2199,high,medium,6,namesilo,,,29/09/2026 17:19
84ad7869-aaa6-4219-9763-872da25bb100,verminous.car,available,1999.99,2199,medium,low,9,namesilo,,,13/09/2026 04:05
dfa08190-724b-45c1-9058-5d01dee3a8be,knives.car,available,1999.99,2199,medium,low,6,namesilo,,,28/09/2026 05:00
3e0bb77e-bb23-49e2-82d4-2b189580702e,pods.car,available,2070,2400,medium,low,4,namecheap,,,30/09/2026 00:30
52043fe5-efd1-44d0-9f9a-ace86ff369a6,ferris.car,available,1863.2,2064.2,medium,low,6,spaceship,,,28/09/2026 22:04
f3074ba4-05e2-4467-a0c0-494407d83eb6,commix.car,available,1999.99,2199,medium,low,6,namesilo,,,
f61012b8-5664-4389-93fd-75c30d0c9693,elderly.car,available,1999.99,2199,high,low,7,namesilo,,,21/09/2026 22:30
ae3ed711-2442-45ee-b91b-7aba047f5d2a,aggregate.car,available,1999.99,2199,high,low,9,namesilo,,,
594d52cb-1104-47ff-8cdb-884d75b7015a,lactic.car,available,1999.99,2199,medium,low,6,namesilo,,,04/09/2026 08:23
712385a3-20c5-4f3e-b211-54dca31a678f,psychology.car,available,1863.2,2064.2,high,low,10,spaceship,,,30/09/2026 08:50
3d2d9eac-5adf-4beb-a2f3-5100a1a79480,wording.car,available,2070,2400,high,low,7,namecheap,,,29/09/2026 08:51
c2fab4d2-c6ce-4a3b-910f-9b9b9ca17868,titles.car,available,1999.99,2199,medium,low,6,namesilo,,,18/09/2026 13:24
d8399fc4-7fd2-472c-a392-994791cd01a0,fitness.car,available,1863.2,2064.2,high,medium,7,spaceship,,,28/09/2026 07:35
735fe6f0-0e95-4fb8-86b3-40ce4d547f8e,xinjiang.car,available,1863.2,2064.2,medium,low,8,spaceship,,,28/09/2026 20:28
9d4b660f-5b69-4327-803e-3fc66d9970cc,soothes.car,available,1999.99,2199,medium,low,7,namesilo,,,20/09/2026 05:20
bb49da9e-1773-4c22-8ea0-28c41232d8c4,linguistics.car,available,1999.99,2199,high,low,11,namesilo,,,30/09/2026 14:08
66a2a916-0ca4-42e0-a112-72c1545862bf,wore.car,available,1999.99,2199,medium,low,4,namesilo,,,
66b7ab97-5f69-487e-b9b5-43305568c899,beat.car,available,1863.2,2064.2,high,low,4,spaceship,,,29/09/2026 18:38
d776d192-9bb5-4ebf-9ad7-67f9de7e6fd5,agdistis.car,available,2999.99,3799.99,medium,low,8,name.com,,,17/09/2026 16:43
b85a966c-b24a-4edc-8dbf-27bdd1cfe67f,heightened.car,available,2060.25,2060.25,high,low,10,porkbun,,,29/09/2026 21:14
9f72769f-c4bc-4a2c-9106-ae8758d06fa6,tnt.car,available,2140.22,2140.22,high,low,3,dynadot,,,01/10/2026 04:02
ce458f61-d5cc-40d8-978a-c0e5197c2680,lighter.car,available,2070,2400,high,low,7,namecheap,,,22/09/2026 05:44
90c97a5c-c21f-4747-94fa-a2aeb7fdf902,downturn.car,available,2070,2400,medium,low,8,namecheap,,,24/09/2026 23:42
62660b4d-be30-40d8-8511-142098efb060,zovirax.car,available,1999.99,2199,medium,low,7,namesilo,,,17/09/2026 05:42
51787a7a-d4e5-49d2-93da-c111e6afa2e5,supine.car,available,1999.99,2199,medium,low,6,namesilo,,,09/09/2026 15:27
26bb4429-fc8c-4551-8242-aa6a26c72a5e,sunbeam.car,available,1999.99,2199,high,low,7,namesilo,,,30/09/2026 12:18
e9435c6b-4bf5-46ee-939d-f93570e1bb63,gregor.car,available,1999.99,2199,high,low,6,namesilo,,,
ddada8bd-bdb7-4017-8487-e54303d4b361,scent.car,available,2070,2400,high,low,5,namecheap,,,20/09/2026 08:28
8509fec4-dec3-47ad-a11a-8ad6abb4d3b8,scheduling.car,available,1999.99,2199,high,low,10,namesilo,,,29/09/2026 02:34
bf18f60b-7f82-4451-9529-969fba20bce1,chimney.car,available,1863.2,2064.2,high,low,7,spaceship,,,29/09/2026 08:40
ebc8e532-8ad1-4d14-ac80-9063e2702059,threesome.car,available,1999.99,2199,high,low,9,namesilo,,,
2be8ffe3-9a9c-4f84-bc11-05b8b8521d9a,cetaceous.car,available,1999.99,2199,medium,low,9,namesilo,,,12/08/2026 01:04
31b5d249-4d3e-4192-af05-82f8e9d09624,vedas.car,available,2140.22,2140.22,medium,low,5,dynadot,,,30/09/2026 15:57
745c71e9-d482-48fb-a33f-aebf49ad3f93,related.car,available,1999.99,2199,high,low,7,namesilo,,,19/09/2026 12:07
04f47d65-2b6c-402b-95e5-c3912a467fe2,obscenity.car,available,1999.99,2199,medium,low,9,namesilo,,,22/09/2026 16:47
03dcbbac-6cbc-4a7e-be2f-9976edd6ae2d,fluorescent.car,available,2140.22,2140.22,high,low,11,dynadot,,,30/09/2026 19:26
5bd5677f-f098-4bcc-9139-e4b29aab003a,cubic.car,available,1999.99,2199,high,low,5,namesilo,,,13/08/2026 10:01
0339cd41-7f84-4ad4-a28b-34683dba0e65,cindy.car,available,1999.99,2199,high,low,5,namesilo,,,
0d98bf89-a87d-43a7-ae02-7239804a7be3,lithesome.car,available,1999.99,2199,medium,low,9,namesilo,,,24/08/2026 01:12
35c8d6e5-6d2d-47b3-85b0-a788819dcaa8,blende.car,available,1999.99,2199,medium,low,6,namesilo,,,24/09/2026 05:43
17f826b0-5b52-44c3-8f02-77fda923874f,longwise.car,available,1999.99,2199,medium,low,8,namesilo,,,22/08/2026 23:42
f8d61338-ca51-48a0-8235-dee6ec335892,induced.car,available,1999.99,2199,high,low,7,namesilo,,,22/08/2026 03:27
044aabd7-9527-4599-8f54-aa17ac85256b,databases.car,available,1863.2,2064.2,medium,low,9,spaceship,,,30/09/2026 15:32
6eee00b3-8c31-4e82-9ac3-b826e05dfb2b,parrish.car,available,2070,2400,medium,low,7,namecheap,,,28/09/2026 14:51
bb2635c1-462b-4640-ae47-84b62a0513a7,heated.car,available,1999.99,2199,high,low,6,namesilo,,,21/08/2026 02:17
23e594e5-58dd-4fec-a99f-1eaa64665ca8,concordant.car,available,2070,2400,medium,low,10,namecheap,,,12/08/2026 20:16
33574429-d1e2-4818-a5af-9002eefa221b,stem.car,available,1999.99,2199,high,low,4,namesilo,,,18/08/2026 11:29
2f6b9dd3-bf6d-4cd5-8a80-f6b499e2465b,gould.car,available,1999.99,2199,high,low,5,namesilo,,,25/09/2026 06:39
e23e43d0-b89d-40a5-a619-5c02369eb71a,reliably.car,available,1999.99,2199,high,low,8,namesilo,,,14/09/2026 11:46
f871ce46-2aaf-46e5-a795-d2b6e8057726,chapel.car,available,1999.99,2199,high,low,6,namesilo,,,28/09/2026 01:39
fa5020b9-92e6-4f2e-800c-26c8a9912321,crotchety.car,available,1999.99,2199,medium,low,9,namesilo,,,13/08/2026 08:25
b5003c19-bd95-44cb-9e4e-db2b6bafc97d,fondly.car,available,2070,2400,high,low,6,namecheap,,,14/09/2026 19:12
457f107d-71c9-4e2b-a94f-c26270828938,senescent.car,available,1999.99,2199,medium,low,9,namesilo,,,
19094024-9198-4159-89ac-79eea26ce2c3,clouds.car,available,1999.99,2199,high,low,6,namesilo,,,27/09/2026 09:07
66be94f9-da80-42d2-9f1a-8ce2f5ee2214,payton.car,available,1863.2,2064.2,medium,low,6,spaceship,,,30/09/2026 07:49
33f0c8af-1e59-4e69-96ee-47da3240b104,rules.car,available,1999.99,2199,high,low,5,namesilo,,,
f0d41582-457f-4b91-b326-fb54502aedc0,bookmark.car,available,1999.99,2199,high,low,8,namesilo,,,24/09/2026 07:12
c3bda897-dc96-466c-aa4a-2ff6db8ab7d3,crummy.car,available,1999.99,2199,medium,low,6,namesilo,,,11/08/2026 09:02
42fd200d-c6a9-4f8c-b6a1-baedef872d50,leftish.car,available,1999.99,2199,medium,low,7,namesilo,,,22/08/2026 22:47
e4dd25eb-ae7c-4f7d-9ca8-6ebc232a1b33,xvi.car,available,1999.99,2199,medium,low,3,namesilo,,,21/09/2026 11:49
efb65234-3255-42a9-b612-c1c7695b8cfe,gaze.car,available,1863.2,2064.2,high,low,4,spaceship,,,28/09/2026 19:17
0c50264c-3c9f-42af-86dc-32428008fc1f,asme.car,available,1999.99,2199,medium,low,4,namesilo,,,29/09/2026 21:46
636fe812-51b7-474d-a53d-a071c0faa47d,recklessly.car,available,1999.99,2199,medium,low,10,namesilo,,,15/09/2026 22:49
794a4ac3-0b05-46cb-ae90-2ec719138f87,revocable.car,available,1999.99,2199,medium,low,9,namesilo,,,09/09/2026 16:21
6679505a-27cb-47db-a29e-d863ced4a2d6,imbecile.car,available,2070,2400,medium,low,8,namecheap,,,21/08/2026 20:22